-- phpMyAdmin SQL Dump
-- version 4.8.5
-- https://www.phpmyadmin.net/
--
-- Host: localhost
-- Generation Time: Jun 13, 2019 at 04:44 AM
-- Server version: 10.1.38-MariaDB
-- PHP Version: 7.3.3

SET SQL_MODE = "NO_AUTO_VALUE_ON_ZERO";
SET AUTOCOMMIT = 0;
START TRANSACTION;
SET time_zone = "+00:00";


/*!40101 SET @OLD_CHARACTER_SET_CLIENT=@@CHARACTER_SET_CLIENT */;
/*!40101 SET @OLD_CHARACTER_SET_RESULTS=@@CHARACTER_SET_RESULTS */;
/*!40101 SET @OLD_COLLATION_CONNECTION=@@COLLATION_CONNECTION */;
/*!40101 SET NAMES utf8mb4 */;

--
-- Database: `fitness2`
--

-- --------------------------------------------------------

--
-- Table structure for table `binaryfiles`
--

CREATE TABLE `binaryfiles` (
  `id` int(10) UNSIGNED NOT NULL,
  `title` varchar(255) DEFAULT NULL,
  `file_src` varchar(255) DEFAULT NULL,
  `text` varchar(255) DEFAULT NULL,
  `created_at` timestamp NULL DEFAULT NULL,
  `updated_at` timestamp NULL DEFAULT NULL
) ENGINE=InnoDB DEFAULT CHARSET=utf8;

--
-- Dumping data for table `binaryfiles`
--

INSERT INTO `binaryfiles` (`id`, `title`, `file_src`, `text`, `created_at`, `updated_at`) VALUES
(1, 'avatar', 'storage/uploads/person_1.jpg', 'Владимир', '2019-04-20 21:24:27', '2019-05-13 09:25:06'),
(2, 'avatar', 'images/person_2.jpg', 'Voluptas distinctio pariatur reiciendis iste et necessitatibus minus. Excepturi quae quo voluptate vel id. Ut eum fuga cum sed. Quia numquam voluptas non id qui.', '2019-04-20 21:24:27', '2019-04-20 21:24:27'),
(3, 'avatar', 'images/person_3.jpg', 'Id sit qui ut velit corporis. Laudantium qui repellat eligendi iste odit dolor. Et similique ut sed ut. Debitis et non et beatae dignissimos dolores dolores. Quos ut temporibus expedita placeat quos repellendus. Ut cumque sint illo.', '2019-04-20 21:24:27', '2019-04-20 21:24:27'),
(4, 'avatar', 'images/person_4.jpg', 'Vel omnis ab ipsum voluptas. Id odio illum et accusantium laborum. Aut qui voluptates error reprehenderit ex quo. Enim dolor quibusdam nesciunt molestiae adipisci sapiente. Necessitatibus et autem ratione.', '2019-04-20 21:24:27', '2019-04-20 21:24:27'),
(5, 'avatar', 'images/person_1.jpg', 'Aut qui consequatur et dolores. Pariatur unde voluptatem quod delectus. Ab distinctio ducimus ut ut eos aut earum.', '2019-04-20 21:32:53', '2019-04-20 21:32:53'),
(6, 'avatar', 'images/person_2.jpg', 'Asperiores ea eveniet sed dolorum voluptates error minus. Perspiciatis et nam beatae autem aut inventore voluptatum. Deserunt et a ipsam vel est natus vero. Culpa accusamus doloribus magnam.', '2019-04-20 21:32:53', '2019-04-20 21:32:53'),
(7, 'avatar', 'images/person_3.jpg', 'Qui iure delectus quo. Neque ut veritatis eveniet quasi praesentium. Voluptatem aut officiis consectetur veritatis sapiente omnis alias.', '2019-04-20 21:32:53', '2019-04-20 21:32:53'),
(8, 'avatar', 'images/person_4.jpg', 'Consequatur optio fuga sequi in officia. Aut mollitia inventore necessitatibus a et qui quo. Sit amet excepturi dolorum est. Quia ex tempore velit et ea aut aut.', '2019-04-20 21:32:53', '2019-04-20 21:32:53'),
(9, '', 'storage/uploads/Снимок экрана_2019-02-06_13-44-43.png', 'masha', '2019-04-20 21:32:53', '2019-05-08 11:26:54'),
(10, '', '/opt/lampp/temp/phpmcjahC', '', '2019-05-08 10:08:36', '2019-05-08 10:08:36'),
(11, '', '/opt/lampp/temp/phpu3pGtc', 'masha', '2019-05-08 10:10:17', '2019-05-08 10:23:36'),
(12, '', '/opt/lampp/temp/phpUXCbvh', '/opt/lampp/temp/phpUXCbvh', '2019-05-08 10:19:34', '2019-05-08 10:25:30'),
(13, 'avatar', 'storage/uploads/person_3.jpg', 'masha', '2019-05-08 10:35:18', '2019-05-10 21:11:20'),
(14, 'avatar', 'images/person_1.jpg', 'grig', '2019-05-08 11:50:36', '2019-05-08 11:50:36'),
(15, 'avatar', 'images/person_1.jpg', 'grig444', '2019-05-08 11:54:47', '2019-05-08 11:54:47'),
(16, 'avatar', 'images/person_1.jpg', 'grig555', '2019-05-08 11:55:54', '2019-05-08 11:55:54'),
(17, 'avatar', 'images/person_1.jpg', 'grig666', '2019-05-08 11:56:55', '2019-05-08 11:56:55'),
(18, 'avatar', 'images/person_1.jpg', 'grig776', '2019-05-08 11:58:43', '2019-05-08 11:58:43'),
(19, 'avatar', 'images/person_1.jpg', 'grig776865', '2019-05-08 11:59:44', '2019-05-08 11:59:44'),
(20, 'avatar', 'images/person_1.jpg', 'grig776865jhfv', '2019-05-08 12:02:55', '2019-05-08 12:02:55'),
(21, 'avatar', 'images/person_1.jpg', 'grijhg', '2019-05-08 12:03:46', '2019-05-08 12:03:46'),
(22, 'avatar', 'images/person_1.jpg', 'grijhg', '2019-05-08 12:05:02', '2019-05-08 12:05:02'),
(23, 'avatar', 'images/person_1.jpg', 'grijhgkjk', '2019-05-08 12:05:44', '2019-05-08 12:05:44'),
(24, 'avatar', 'images/person_1.jpg', 'grijhgkjkjy', '2019-05-08 12:07:29', '2019-05-08 12:07:29'),
(25, 'avatar', 'images/person_1.jpg', '', '2019-05-08 12:20:34', '2019-05-08 12:20:34'),
(26, 'avatar', 'storage/uploads/2019-04-20-184702_1366x768_scrot.png', 'nnjmh', '2019-05-08 12:25:08', '2019-05-08 12:31:34'),
(27, 'avatar', 'images/person_1.jpg', 'nnjmh', '2019-05-08 12:58:28', '2019-05-08 12:58:28'),
(28, 'avatar', 'images/person_1.jpg', 'nnjmh', '2019-05-08 13:00:56', '2019-05-08 13:00:56'),
(29, 'avatar', 'storage/uploads/Снимок экрана_2019-02-06_13-44-43.png', 'vbvb', '2019-05-08 14:03:26', '2019-05-08 14:05:35'),
(30, 'avatar', 'images/person_1.jpg', '', '2019-05-08 14:10:07', '2019-05-08 14:10:07'),
(31, 'avatar', 'images/person_1.jpg', '', '2019-05-08 14:11:57', '2019-05-08 14:11:57'),
(32, 'avatar', 'images/person_1.jpg', '', '2019-05-08 14:13:21', '2019-05-08 14:13:21'),
(33, 'avatar', 'images/person_1.jpg', '', '2019-05-08 14:18:10', '2019-05-08 14:18:10'),
(34, 'avatar', 'storage/uploads/Снимок экрана_2018-11-29_13-37-58.png', 'fgdf', '2019-05-08 14:24:59', '2019-05-08 14:28:39'),
(35, 'avatar', 'storage/uploads/Снимок экрана_2018-11-29_13-37-58.png', 'орпо', '2019-05-08 15:43:13', '2019-05-08 18:25:36'),
(36, 'avatar', 'storage/uploads/guest_avatar_light.png', 'nbnbn', '2019-05-08 18:28:42', '2019-05-08 19:27:26'),
(37, 'avatar', 'storage/uploads/guest_avatar_light2.png', 'hgvhj', '2019-05-08 19:36:47', '2019-05-08 19:43:11'),
(38, 'avatar', 'storage/uploads/person_4.jpg', 'Качок', '2019-05-08 19:45:02', '2019-05-08 23:20:44'),
(39, 'avatar', 'images/guest_avatar_light.png', '', '2019-05-10 16:47:10', '2019-05-10 16:47:10'),
(40, 'avatar', 'images/guest_avatar_light.png', '', '2019-05-10 16:54:22', '2019-05-10 16:54:22'),
(41, 'avatar', 'images/guest_avatar_light.png', '', '2019-05-10 21:28:51', '2019-05-10 21:28:51'),
(42, 'avatar', 'images/guest_avatar_light.png', '', '2019-05-11 05:20:41', '2019-05-11 05:20:41'),
(43, 'avatar', 'images/guest_avatar_light.png', '', '2019-05-11 05:39:39', '2019-05-11 05:39:39'),
(44, 'avatar', 'storage/uploads/person_1.jpg', 'new', '2019-05-11 05:43:13', '2019-05-11 06:32:34'),
(45, 'avatar', 'images/guest_avatar_light.png', '', '2019-05-11 18:10:57', '2019-05-11 18:10:57'),
(46, 'avatar', 'images/guest_avatar_light.png', '', '2019-05-11 19:02:07', '2019-05-11 19:02:07'),
(47, 'avatar', 'images/guest_avatar_light.png', '', '2019-05-11 19:17:11', '2019-05-11 19:17:11'),
(48, 'avatar', 'images/guest_avatar_light.png', '', '2019-05-11 19:34:26', '2019-05-11 19:34:26'),
(49, 'avatar', 'images/guest_avatar_light.png', '', '2019-05-11 19:48:17', '2019-05-11 19:48:17'),
(50, 'avatar', 'images/guest_avatar_light.png', '', '2019-05-11 20:13:27', '2019-05-11 20:13:27'),
(51, 'avatar', 'images/guest_avatar_light.png', '', '2019-05-11 20:32:31', '2019-05-11 20:32:31'),
(52, 'avatar', 'images/guest_avatar_light.png', '', '2019-05-11 20:39:39', '2019-05-11 20:39:39'),
(53, 'avatar', 'images/guest_avatar_light.png', '', '2019-05-11 20:42:50', '2019-05-11 20:42:50'),
(54, 'avatar', 'images/guest_avatar_light.png', '', '2019-05-11 20:45:43', '2019-05-11 20:45:43'),
(55, 'avatar', 'images/guest_avatar_light.png', '', '2019-05-11 20:48:03', '2019-05-11 20:48:03'),
(56, 'avatar', 'images/guest_avatar_light.png', '', '2019-05-11 21:49:02', '2019-05-11 21:49:02'),
(57, 'avatar', 'images/guest_avatar_light.png', '', '2019-05-11 21:51:44', '2019-05-11 21:51:44'),
(58, 'avatar', 'images/guest_avatar_light.png', '', '2019-05-11 23:07:39', '2019-05-11 23:07:39'),
(59, 'avatar', 'images/guest_avatar_light.png', '', '2019-05-11 23:10:25', '2019-05-11 23:10:25'),
(60, 'avatar', 'images/guest_avatar_light.png', '', '2019-05-11 23:12:00', '2019-05-11 23:12:00'),
(61, 'avatar', 'images/guest_avatar_light.png', '', '2019-05-11 23:15:17', '2019-05-11 23:15:17'),
(62, 'avatar', 'images/guest_avatar_light.png', '', '2019-05-11 23:15:48', '2019-05-11 23:15:48'),
(63, 'avatar', 'images/guest_avatar_light.png', '', '2019-05-11 23:19:12', '2019-05-11 23:19:12'),
(64, 'avatar', 'images/guest_avatar_light.png', '', '2019-05-11 23:23:21', '2019-05-11 23:23:21'),
(65, 'avatar', 'images/guest_avatar_light.png', '', '2019-05-11 23:51:26', '2019-05-11 23:51:26'),
(66, 'avatar', 'storage/uploads/person_4.jpg', 'sd', '2019-05-11 23:55:30', '2019-05-12 00:44:15'),
(67, 'avatar', 'images/guest_avatar_light.png', '', '2019-05-12 21:22:31', '2019-05-12 21:22:31'),
(68, 'avatar', 'images/guest_avatar_light.png', '', '2019-05-12 21:24:43', '2019-05-12 21:24:43'),
(69, 'avatar', 'images/guest_avatar_light.png', '', '2019-05-12 21:37:10', '2019-05-12 21:37:10'),
(70, 'avatar', 'images/guest_avatar_light.png', '', '2019-05-12 21:44:14', '2019-05-12 21:44:14'),
(71, 'avatar', 'images/guest_avatar_light.png', '', '2019-05-12 21:48:19', '2019-05-12 21:48:19'),
(72, 'avatar', 'images/guest_avatar_light.png', '', '2019-05-12 22:06:54', '2019-05-12 22:06:54'),
(73, 'avatar', 'images/guest_avatar_light.png', '', '2019-05-12 22:26:38', '2019-05-12 22:26:38'),
(74, 'avatar', 'images/guest_avatar_light.png', '', '2019-05-12 22:48:15', '2019-05-12 22:48:15'),
(75, 'avatar', 'images/guest_avatar_light.png', '', '2019-05-12 23:25:13', '2019-05-12 23:25:13'),
(76, 'avatar', 'images/guest_avatar_light.png', '', '2019-05-12 23:59:30', '2019-05-12 23:59:30'),
(77, 'avatar', 'images/guest_avatar_light.png', '', '2019-05-13 00:01:31', '2019-05-13 00:01:31'),
(78, 'avatar', 'images/guest_avatar_light.png', '', '2019-05-13 00:11:44', '2019-05-13 00:11:44'),
(79, 'avatar', 'images/guest_avatar_light.png', '', '2019-05-13 00:12:37', '2019-05-13 00:12:37'),
(80, 'avatar', 'images/guest_avatar_light.png', '', '2019-05-13 00:17:33', '2019-05-13 00:17:33'),
(81, 'avatar', 'storage/uploads/person_4.jpg', 'new', '2019-05-13 00:23:56', '2019-05-13 06:22:40'),
(82, 'avatar', 'images/guest_avatar_light.png', '', '2019-05-13 06:36:55', '2019-05-13 06:36:55'),
(83, 'avatar', 'images/guest_avatar_light.png', '', '2019-05-13 14:47:22', '2019-05-13 14:47:22'),
(84, 'avatar', 'images/guest_avatar_light.png', '', '2019-05-13 17:34:08', '2019-05-13 17:34:08'),
(85, 'avatar', 'images/guest_avatar_light.png', '', '2019-05-14 13:38:42', '2019-05-14 13:38:42'),
(86, 'avatar', 'images/guest_avatar_light.png', '', '2019-05-14 14:05:20', '2019-05-14 14:05:20'),
(87, 'avatar', 'images/guest_avatar_light.png', '', '2019-05-14 18:06:09', '2019-05-14 18:06:09'),
(88, 'avatar', 'images/guest_avatar_light.png', '', '2019-05-14 19:19:41', '2019-05-14 19:19:41'),
(89, 'avatar', 'images/guest_avatar_light.png', '', '2019-05-14 19:48:04', '2019-05-14 19:48:04'),
(90, 'avatar', 'images/guest_avatar_light.png', '', '2019-05-14 19:49:17', '2019-05-14 19:49:17'),
(91, 'avatar', 'images/guest_avatar_light.png', '', '2019-05-14 19:53:43', '2019-05-14 19:53:43'),
(92, 'avatar', 'images/guest_avatar_light.png', '', '2019-05-14 19:57:47', '2019-05-14 19:57:47'),
(93, 'avatar', 'images/guest_avatar_light.png', '', '2019-05-14 20:00:09', '2019-05-14 20:00:09'),
(94, 'avatar', 'images/guest_avatar_light.png', '', '2019-05-14 20:02:14', '2019-05-14 20:02:14'),
(95, 'avatar', 'images/guest_avatar_light.png', '', '2019-05-14 20:19:21', '2019-05-14 20:19:21'),
(96, 'avatar', 'images/guest_avatar_light.png', '', '2019-05-14 20:39:05', '2019-05-14 20:39:05'),
(97, 'avatar', 'images/guest_avatar_light.png', '', '2019-05-14 20:48:18', '2019-05-14 20:48:18'),
(98, 'avatar', 'images/guest_avatar_light.png', '', '2019-05-14 20:51:37', '2019-05-14 20:51:37'),
(99, 'avatar', 'images/guest_avatar_light.png', '', '2019-05-14 20:54:39', '2019-05-14 20:54:39'),
(100, 'avatar', 'images/guest_avatar_light.png', '', '2019-05-14 20:59:30', '2019-05-14 20:59:30'),
(101, 'avatar', 'images/guest_avatar_light.png', '', '2019-05-14 21:11:46', '2019-05-14 21:11:46'),
(102, 'avatar', 'images/guest_avatar_light.png', '', '2019-05-14 21:14:13', '2019-05-14 21:14:13'),
(103, 'avatar', 'images/guest_avatar_light.png', '', '2019-05-14 21:21:06', '2019-05-14 21:21:06'),
(104, 'avatar', 'images/guest_avatar_light.png', '', '2019-05-14 22:15:07', '2019-05-14 22:15:07'),
(105, 'avatar', 'images/guest_avatar_light.png', '', '2019-05-14 23:53:47', '2019-05-14 23:53:47'),
(106, 'avatar', 'images/guest_avatar_light.png', '', '2019-05-14 23:56:32', '2019-05-14 23:56:32'),
(107, 'avatar', 'images/guest_avatar_light.png', '', '2019-05-15 00:00:21', '2019-05-15 00:00:21'),
(108, 'avatar', 'images/guest_avatar_light.png', '', '2019-05-15 00:01:48', '2019-05-15 00:01:48'),
(109, 'avatar', 'images/guest_avatar_light.png', '', '2019-05-15 07:00:01', '2019-05-15 07:00:01'),
(110, 'avatar', 'images/guest_avatar_light.png', '', '2019-05-15 07:02:07', '2019-05-15 07:02:07'),
(111, 'avatar', 'images/guest_avatar_light.png', '', '2019-05-15 07:07:19', '2019-05-15 07:07:19'),
(112, 'avatar', 'images/guest_avatar_light.png', '', '2019-05-15 08:15:23', '2019-05-15 08:15:23'),
(113, 'avatar', 'images/guest_avatar_light.png', '', '2019-05-15 08:21:45', '2019-05-15 08:21:45'),
(114, 'avatar', 'images/guest_avatar_light.png', '', '2019-05-15 08:26:40', '2019-05-15 08:26:40'),
(115, 'avatar', 'storage/uploads/person_4.jpg', 'new', '2019-05-15 09:29:28', '2019-05-15 11:23:13'),
(116, 'avatar', 'images/guest_avatar_light.png', '', '2019-05-15 20:31:04', '2019-05-15 20:31:04'),
(117, 'avatar', 'images/guest_avatar_light.png', '', '2019-05-16 07:07:43', '2019-05-16 07:07:43'),
(118, 'avatar', 'images/guest_avatar_light.png', '', '2019-05-16 07:12:44', '2019-05-16 07:12:44'),
(119, 'avatar', 'images/guest_avatar_light.png', '', '2019-05-16 07:45:03', '2019-05-16 07:45:03'),
(120, 'avatar', 'images/guest_avatar_light.png', '', '2019-05-16 09:09:23', '2019-05-16 09:09:23'),
(121, 'avatar', 'images/guest_avatar_light.png', '', '2019-05-16 09:41:16', '2019-05-16 09:41:16'),
(122, 'avatar', 'images/guest_avatar_light.png', '', '2019-05-16 09:47:14', '2019-05-16 09:47:14'),
(123, 'avatar', 'images/guest_avatar_light.png', '', '2019-05-16 09:48:04', '2019-05-16 09:48:04'),
(124, 'avatar', 'images/guest_avatar_light.png', '', '2019-05-16 09:53:00', '2019-05-16 09:53:00'),
(125, 'avatar', 'images/guest_avatar_light.png', '', '2019-05-16 14:19:52', '2019-05-16 14:19:52'),
(126, 'avatar', 'images/guest_avatar_light.png', '', '2019-05-17 13:30:08', '2019-05-17 13:30:08'),
(127, 'avatar', 'images/guest_avatar_light.png', '', '2019-05-17 13:30:18', '2019-05-17 13:30:18'),
(128, 'avatar', 'images/guest_avatar_light.png', '', '2019-05-17 13:30:36', '2019-05-17 13:30:36'),
(129, 'avatar', 'images/guest_avatar_light.png', '', '2019-05-17 13:32:04', '2019-05-17 13:32:04'),
(130, 'avatar', 'images/guest_avatar_light.png', '', '2019-05-17 13:35:16', '2019-05-17 13:35:16'),
(131, 'avatar', 'images/guest_avatar_light.png', '', '2019-05-17 13:36:27', '2019-05-17 13:36:27'),
(132, 'avatar', 'images/guest_avatar_light.png', '', '2019-05-24 08:06:55', '2019-05-24 08:06:55'),
(133, 'avatar', 'images/guest_avatar_light.png', '', '2019-06-08 09:25:56', '2019-06-08 09:25:56'),
(134, 'avatar', 'images/guest_avatar_light.png', '', '2019-06-08 11:46:24', '2019-06-08 11:46:24'),
(135, 'avatar', 'images/guest_avatar_light.png', '', '2019-06-08 20:25:25', '2019-06-08 20:25:25'),
(136, 'avatar', 'images/guest_avatar_light.png', '', '2019-06-08 20:42:50', '2019-06-08 20:42:50'),
(137, 'avatar', 'images/guest_avatar_light.png', '', '2019-06-08 20:45:06', '2019-06-08 20:45:06'),
(138, 'avatar', 'images/guest_avatar_light.png', '', '2019-06-08 21:08:55', '2019-06-08 21:08:55'),
(139, 'avatar', 'images/guest_avatar_light.png', '', '2019-06-08 21:14:40', '2019-06-08 21:14:40'),
(140, 'avatar', 'images/guest_avatar_light.png', '', '2019-06-08 21:31:48', '2019-06-08 21:31:48'),
(141, 'avatar', 'images/guest_avatar_light.png', '', '2019-06-08 21:59:57', '2019-06-08 21:59:57'),
(142, 'avatar', 'images/guest_avatar_light.png', '', '2019-06-08 22:02:20', '2019-06-08 22:02:20'),
(143, 'avatar', 'images/guest_avatar_light.png', '', '2019-06-08 22:15:02', '2019-06-08 22:15:02'),
(144, 'avatar', 'images/guest_avatar_light.png', '', '2019-06-08 22:36:23', '2019-06-08 22:36:23'),
(145, 'avatar', 'images/guest_avatar_light.png', '', '2019-06-08 23:00:23', '2019-06-08 23:00:23'),
(146, 'avatar', 'images/guest_avatar_light.png', '', '2019-06-08 23:13:31', '2019-06-08 23:13:31'),
(147, 'avatar', 'images/guest_avatar_light.png', '', '2019-06-09 07:31:32', '2019-06-09 07:31:32'),
(148, 'avatar', 'images/guest_avatar_light.png', '', '2019-06-09 10:34:31', '2019-06-09 10:34:31'),
(149, 'avatar', 'images/guest_avatar_light.png', '', '2019-06-09 11:43:16', '2019-06-09 11:43:16'),
(150, 'avatar', 'images/guest_avatar_light.png', '', '2019-06-09 11:48:03', '2019-06-09 11:48:03'),
(151, 'avatar', 'images/guest_avatar_light.png', '', '2019-06-09 11:50:39', '2019-06-09 11:50:39'),
(152, 'avatar', 'images/guest_avatar_light.png', '', '2019-06-09 11:53:32', '2019-06-09 11:53:32'),
(153, 'avatar', 'images/guest_avatar_light.png', '', '2019-06-09 11:54:42', '2019-06-09 11:54:42'),
(154, 'avatar', 'images/guest_avatar_light.png', '', '2019-06-09 12:04:13', '2019-06-09 12:04:13'),
(155, 'avatar', 'images/guest_avatar_light.png', '', '2019-06-09 12:05:08', '2019-06-09 12:05:08'),
(156, 'avatar', 'images/guest_avatar_light.png', '', '2019-06-09 12:06:13', '2019-06-09 12:06:13'),
(157, 'avatar', 'images/guest_avatar_light.png', '', '2019-06-09 12:08:32', '2019-06-09 12:08:32'),
(158, 'avatar', 'images/guest_avatar_light.png', '', '2019-06-09 12:13:14', '2019-06-09 12:13:14'),
(159, 'avatar', 'images/guest_avatar_light.png', '', '2019-06-09 12:15:04', '2019-06-09 12:15:04'),
(160, 'avatar', 'images/guest_avatar_light.png', '', '2019-06-09 12:17:59', '2019-06-09 12:17:59'),
(161, 'avatar', 'images/guest_avatar_light.png', '', '2019-06-09 12:25:08', '2019-06-09 12:25:08'),
(162, 'avatar', 'images/guest_avatar_light.png', '', '2019-06-09 12:26:12', '2019-06-09 12:26:12'),
(163, 'avatar', 'images/guest_avatar_light.png', '', '2019-06-09 12:35:34', '2019-06-09 12:35:34'),
(164, 'avatar', 'images/guest_avatar_light.png', '', '2019-06-09 12:39:56', '2019-06-09 12:39:56'),
(165, 'avatar', 'images/guest_avatar_light.png', '', '2019-06-09 12:48:49', '2019-06-09 12:48:49'),
(166, 'avatar', 'images/guest_avatar_light.png', '', '2019-06-09 12:53:20', '2019-06-09 12:53:20'),
(167, 'avatar', 'images/guest_avatar_light.png', '', '2019-06-09 13:08:52', '2019-06-09 13:08:52'),
(168, 'avatar', 'images/guest_avatar_light.png', '', '2019-06-09 13:08:54', '2019-06-09 13:08:54'),
(169, 'avatar', 'images/guest_avatar_light.png', '', '2019-06-09 13:10:57', '2019-06-09 13:10:57'),
(170, 'avatar', 'images/guest_avatar_light.png', '', '2019-06-09 13:10:59', '2019-06-09 13:10:59'),
(171, 'avatar', 'images/guest_avatar_light.png', '', '2019-06-09 13:11:59', '2019-06-09 13:11:59'),
(172, 'avatar', 'images/guest_avatar_light.png', '', '2019-06-09 13:12:00', '2019-06-09 13:12:00'),
(173, 'avatar', 'images/guest_avatar_light.png', '', '2019-06-09 13:17:29', '2019-06-09 13:17:29'),
(174, 'avatar', 'images/guest_avatar_light.png', '', '2019-06-09 13:17:31', '2019-06-09 13:17:31'),
(175, 'avatar', 'images/guest_avatar_light.png', '', '2019-06-09 13:17:35', '2019-06-09 13:17:35'),
(176, 'avatar', 'images/guest_avatar_light.png', '', '2019-06-09 13:17:36', '2019-06-09 13:17:36'),
(177, 'avatar', 'images/guest_avatar_light.png', '', '2019-06-09 13:29:40', '2019-06-09 13:29:40'),
(178, 'avatar', 'images/guest_avatar_light.png', '', '2019-06-09 13:29:42', '2019-06-09 13:29:42'),
(179, 'avatar', 'images/guest_avatar_light.png', '', '2019-06-09 13:29:45', '2019-06-09 13:29:45'),
(180, 'avatar', 'images/guest_avatar_light.png', '', '2019-06-09 13:29:47', '2019-06-09 13:29:47'),
(181, 'avatar', 'images/guest_avatar_light.png', '', '2019-06-09 14:14:11', '2019-06-09 14:14:11'),
(182, 'avatar', 'images/guest_avatar_light.png', '', '2019-06-09 14:15:57', '2019-06-09 14:15:57'),
(183, 'avatar', 'images/guest_avatar_light.png', '', '2019-06-09 14:17:22', '2019-06-09 14:17:22'),
(184, 'avatar', 'images/guest_avatar_light.png', '', '2019-06-09 14:17:59', '2019-06-09 14:17:59'),
(185, 'avatar', 'images/guest_avatar_light.png', '', '2019-06-09 14:19:22', '2019-06-09 14:19:22'),
(186, 'avatar', 'images/guest_avatar_light.png', '', '2019-06-09 14:32:06', '2019-06-09 14:32:06'),
(187, 'avatar', 'images/guest_avatar_light.png', '', '2019-06-09 15:48:49', '2019-06-09 15:48:49'),
(188, 'avatar', 'images/guest_avatar_light.png', '', '2019-06-09 15:50:00', '2019-06-09 15:50:00'),
(189, 'avatar', 'images/guest_avatar_light.png', '', '2019-06-09 15:51:38', '2019-06-09 15:51:38'),
(190, 'avatar', 'images/guest_avatar_light.png', '', '2019-06-09 15:51:59', '2019-06-09 15:51:59'),
(191, 'avatar', 'images/guest_avatar_light.png', '', '2019-06-09 15:52:33', '2019-06-09 15:52:33'),
(192, 'avatar', 'images/guest_avatar_light.png', '', '2019-06-09 15:53:03', '2019-06-09 15:53:03'),
(193, 'avatar', 'images/guest_avatar_light.png', '', '2019-06-09 15:54:13', '2019-06-09 15:54:13'),
(194, 'avatar', 'images/guest_avatar_light.png', '', '2019-06-09 15:57:49', '2019-06-09 15:57:49'),
(195, 'avatar', 'images/guest_avatar_light.png', '', '2019-06-09 16:01:23', '2019-06-09 16:01:23'),
(196, 'avatar', 'images/guest_avatar_light.png', '', '2019-06-09 16:02:23', '2019-06-09 16:02:23'),
(197, 'avatar', 'images/guest_avatar_light.png', '', '2019-06-09 16:02:55', '2019-06-09 16:02:55'),
(198, 'avatar', 'images/guest_avatar_light.png', '', '2019-06-09 16:05:22', '2019-06-09 16:05:22'),
(199, 'avatar', 'images/guest_avatar_light.png', '', '2019-06-09 16:06:39', '2019-06-09 16:06:39'),
(200, 'avatar', 'images/guest_avatar_light.png', '', '2019-06-09 16:12:54', '2019-06-09 16:12:54'),
(201, 'avatar', 'images/guest_avatar_light.png', '', '2019-06-09 16:17:14', '2019-06-09 16:17:14'),
(202, 'avatar', 'images/guest_avatar_light.png', '', '2019-06-09 16:19:10', '2019-06-09 16:19:10'),
(203, 'avatar', 'images/guest_avatar_light.png', '', '2019-06-09 16:20:58', '2019-06-09 16:20:58'),
(204, 'avatar', 'images/guest_avatar_light.png', '', '2019-06-09 16:25:46', '2019-06-09 16:25:46'),
(205, 'avatar', 'images/guest_avatar_light.png', '', '2019-06-09 16:29:39', '2019-06-09 16:29:39'),
(206, 'avatar', 'images/guest_avatar_light.png', '', '2019-06-09 16:32:39', '2019-06-09 16:32:39'),
(207, 'avatar', 'images/guest_avatar_light.png', '', '2019-06-09 16:42:41', '2019-06-09 16:42:41'),
(208, 'avatar', 'images/guest_avatar_light.png', '', '2019-06-09 16:44:36', '2019-06-09 16:44:36'),
(209, 'avatar', 'images/guest_avatar_light.png', '', '2019-06-09 16:47:20', '2019-06-09 16:47:20'),
(210, 'avatar', 'images/guest_avatar_light.png', '', '2019-06-09 16:47:32', '2019-06-09 16:47:32'),
(211, 'avatar', 'images/guest_avatar_light.png', '', '2019-06-09 16:51:14', '2019-06-09 16:51:14'),
(212, 'avatar', 'images/guest_avatar_light.png', '', '2019-06-09 16:53:15', '2019-06-09 16:53:15'),
(213, 'avatar', 'images/guest_avatar_light.png', '', '2019-06-09 16:55:05', '2019-06-09 16:55:05'),
(214, 'avatar', 'images/guest_avatar_light.png', '', '2019-06-09 17:00:34', '2019-06-09 17:00:34'),
(215, 'avatar', 'images/guest_avatar_light.png', '', '2019-06-09 19:22:32', '2019-06-09 19:22:32'),
(216, 'avatar', 'images/guest_avatar_light.png', '', '2019-06-09 19:29:07', '2019-06-09 19:29:07'),
(217, 'avatar', 'images/guest_avatar_light.png', '', '2019-06-09 19:30:31', '2019-06-09 19:30:31'),
(218, 'avatar', 'images/guest_avatar_light.png', '', '2019-06-09 19:32:15', '2019-06-09 19:32:15'),
(219, 'avatar', 'images/guest_avatar_light.png', '', '2019-06-10 09:10:08', '2019-06-10 09:10:08'),
(220, 'avatar', 'images/guest_avatar_light.png', '', '2019-06-12 21:43:17', '2019-06-12 21:43:17');

-- --------------------------------------------------------

--
-- Table structure for table `binaryfile_user`
--

CREATE TABLE `binaryfile_user` (
  `id` int(10) UNSIGNED NOT NULL,
  `user_id` int(10) UNSIGNED DEFAULT NULL,
  `binaryfile_id` int(10) UNSIGNED DEFAULT NULL,
  `created_at` timestamp NULL DEFAULT NULL,
  `updated_at` timestamp NULL DEFAULT NULL
) ENGINE=InnoDB DEFAULT CHARSET=utf8;

--
-- Dumping data for table `binaryfile_user`
--

INSERT INTO `binaryfile_user` (`id`, `user_id`, `binaryfile_id`, `created_at`, `updated_at`) VALUES
(1, 21, 5, '2019-04-20 21:24:27', '2019-04-20 21:24:27'),
(2, 22, 2, '2019-04-20 21:24:27', '2019-04-20 21:24:27'),
(3, 23, 3, '2019-04-20 21:24:27', '2019-04-20 21:24:27'),
(4, 24, 4, '2019-04-20 21:24:27', '2019-04-20 21:24:27'),
(5, 25, 5, '2019-04-20 21:32:53', '2019-04-20 21:32:53'),
(6, 11, 6, '2019-04-20 21:32:53', '2019-04-20 21:32:53'),
(7, 12, 7, '2019-04-20 21:32:53', '2019-04-20 21:32:53'),
(8, 13, 8, '2019-04-20 21:32:53', '2019-04-20 21:32:53'),
(9, NULL, 9, '2019-04-20 21:32:53', '2019-04-20 21:32:53'),
(10, NULL, 10, '2019-05-08 10:08:36', '2019-05-08 10:08:36'),
(11, NULL, 11, '2019-05-08 10:10:17', '2019-05-08 10:10:17'),
(12, NULL, 12, '2019-05-08 10:19:34', '2019-05-08 10:19:34'),
(13, NULL, 13, '2019-05-08 10:35:18', '2019-05-08 10:35:18'),
(25, NULL, 26, '2019-05-08 12:25:08', '2019-05-08 12:25:08'),
(26, NULL, 27, '2019-05-08 12:58:28', '2019-05-08 12:58:28'),
(27, NULL, 28, '2019-05-08 13:00:56', '2019-05-08 13:00:56'),
(28, NULL, 32, '2019-05-08 14:03:26', '2019-05-08 14:03:26'),
(29, NULL, 33, '2019-05-08 14:18:10', '2019-05-08 14:18:10'),
(30, NULL, 34, '2019-05-08 14:24:59', '2019-05-08 14:24:59'),
(31, NULL, 35, '2019-05-08 15:43:13', '2019-05-08 15:43:13'),
(32, 235, 1, '2019-05-08 18:28:42', '2019-05-08 18:28:42'),
(33, NULL, 1, '2019-05-08 19:36:47', '2019-05-08 19:36:47'),
(34, 295, 1, '2019-05-08 19:45:02', '2019-05-08 19:45:02'),
(35, NULL, 39, '2019-05-10 16:47:10', '2019-05-10 16:47:10'),
(36, NULL, 40, '2019-05-10 16:54:22', '2019-05-10 16:54:22'),
(37, NULL, 41, '2019-05-10 21:28:51', '2019-05-10 21:28:51'),
(38, NULL, 42, '2019-05-11 05:20:41', '2019-05-11 05:20:41'),
(39, NULL, 43, '2019-05-11 05:39:39', '2019-05-11 05:39:39'),
(40, NULL, 44, '2019-05-11 05:43:13', '2019-05-11 05:43:13'),
(41, NULL, 45, '2019-05-11 18:10:57', '2019-05-11 18:10:57'),
(42, NULL, 46, '2019-05-11 19:02:07', '2019-05-11 19:02:07'),
(43, NULL, 47, '2019-05-11 19:17:11', '2019-05-11 19:17:11'),
(44, NULL, 48, '2019-05-11 19:34:26', '2019-05-11 19:34:26'),
(45, NULL, 49, '2019-05-11 19:48:17', '2019-05-11 19:48:17'),
(46, NULL, 50, '2019-05-11 20:13:27', '2019-05-11 20:13:27'),
(47, NULL, 51, '2019-05-11 20:32:31', '2019-05-11 20:32:31'),
(48, NULL, 52, '2019-05-11 20:39:39', '2019-05-11 20:39:39'),
(49, NULL, 53, '2019-05-11 20:42:50', '2019-05-11 20:42:50'),
(50, NULL, 54, '2019-05-11 20:45:43', '2019-05-11 20:45:43'),
(51, NULL, 55, '2019-05-11 20:48:03', '2019-05-11 20:48:03'),
(52, NULL, 56, '2019-05-11 21:49:02', '2019-05-11 21:49:02'),
(53, NULL, 57, '2019-05-11 21:51:44', '2019-05-11 21:51:44'),
(54, NULL, 58, '2019-05-11 23:07:39', '2019-05-11 23:07:39'),
(55, NULL, 59, '2019-05-11 23:10:25', '2019-05-11 23:10:25'),
(56, NULL, 60, '2019-05-11 23:12:00', '2019-05-11 23:12:00'),
(57, NULL, 61, '2019-05-11 23:15:17', '2019-05-11 23:15:17'),
(58, NULL, 62, '2019-05-11 23:15:48', '2019-05-11 23:15:48'),
(59, NULL, 63, '2019-05-11 23:19:12', '2019-05-11 23:19:12'),
(60, NULL, 64, '2019-05-11 23:23:21', '2019-05-11 23:23:21'),
(61, NULL, 65, '2019-05-11 23:51:26', '2019-05-11 23:51:26'),
(62, NULL, 66, '2019-05-11 23:55:30', '2019-05-11 23:55:30'),
(63, NULL, 67, '2019-05-12 21:22:31', '2019-05-12 21:22:31'),
(64, NULL, 68, '2019-05-12 21:24:43', '2019-05-12 21:24:43'),
(65, NULL, 69, '2019-05-12 21:37:10', '2019-05-12 21:37:10'),
(66, NULL, 70, '2019-05-12 21:44:14', '2019-05-12 21:44:14'),
(67, NULL, 71, '2019-05-12 21:48:19', '2019-05-12 21:48:19'),
(68, NULL, 72, '2019-05-12 22:06:54', '2019-05-12 22:06:54'),
(69, NULL, 73, '2019-05-12 22:26:38', '2019-05-12 22:26:38'),
(70, NULL, 74, '2019-05-12 22:48:15', '2019-05-12 22:48:15'),
(71, NULL, 75, '2019-05-12 23:25:13', '2019-05-12 23:25:13'),
(72, NULL, 76, '2019-05-12 23:59:30', '2019-05-12 23:59:30'),
(73, NULL, 77, '2019-05-13 00:01:31', '2019-05-13 00:01:31'),
(74, NULL, 78, '2019-05-13 00:11:44', '2019-05-13 00:11:44'),
(75, NULL, 79, '2019-05-13 00:12:37', '2019-05-13 00:12:37'),
(76, NULL, 80, '2019-05-13 00:17:33', '2019-05-13 00:17:33'),
(77, NULL, 81, '2019-05-13 00:23:56', '2019-05-13 00:23:56'),
(78, NULL, 82, '2019-05-13 06:36:55', '2019-05-13 06:36:55'),
(79, NULL, 83, '2019-05-13 14:47:22', '2019-05-13 14:47:22'),
(80, NULL, 84, '2019-05-13 17:34:08', '2019-05-13 17:34:08'),
(81, NULL, 85, '2019-05-14 13:38:42', '2019-05-14 13:38:42'),
(82, NULL, 86, '2019-05-14 14:05:20', '2019-05-14 14:05:20'),
(83, NULL, 87, '2019-05-14 18:06:09', '2019-05-14 18:06:09'),
(84, NULL, 88, '2019-05-14 19:19:41', '2019-05-14 19:19:41'),
(85, NULL, 89, '2019-05-14 19:48:04', '2019-05-14 19:48:04'),
(86, NULL, 90, '2019-05-14 19:49:17', '2019-05-14 19:49:17'),
(87, NULL, 91, '2019-05-14 19:53:43', '2019-05-14 19:53:43'),
(88, NULL, 92, '2019-05-14 19:57:47', '2019-05-14 19:57:47'),
(89, NULL, 93, '2019-05-14 20:00:09', '2019-05-14 20:00:09'),
(90, NULL, 94, '2019-05-14 20:02:14', '2019-05-14 20:02:14'),
(91, NULL, 95, '2019-05-14 20:19:21', '2019-05-14 20:19:21'),
(92, NULL, 96, '2019-05-14 20:39:05', '2019-05-14 20:39:05'),
(93, NULL, 97, '2019-05-14 20:48:18', '2019-05-14 20:48:18'),
(94, NULL, 98, '2019-05-14 20:51:38', '2019-05-14 20:51:38'),
(95, NULL, 99, '2019-05-14 20:54:39', '2019-05-14 20:54:39'),
(96, NULL, 100, '2019-05-14 20:59:30', '2019-05-14 20:59:30'),
(97, NULL, 101, '2019-05-14 21:11:46', '2019-05-14 21:11:46'),
(98, NULL, 102, '2019-05-14 21:14:13', '2019-05-14 21:14:13'),
(99, NULL, 103, '2019-05-14 21:21:06', '2019-05-14 21:21:06'),
(100, NULL, 104, '2019-05-14 22:15:07', '2019-05-14 22:15:07'),
(101, NULL, 105, '2019-05-14 23:53:47', '2019-05-14 23:53:47'),
(102, NULL, 106, '2019-05-14 23:56:32', '2019-05-14 23:56:32'),
(103, NULL, 107, '2019-05-15 00:00:21', '2019-05-15 00:00:21'),
(104, NULL, 108, '2019-05-15 00:01:48', '2019-05-15 00:01:48'),
(105, NULL, 109, '2019-05-15 07:00:01', '2019-05-15 07:00:01'),
(106, NULL, 110, '2019-05-15 07:02:07', '2019-05-15 07:02:07'),
(107, NULL, 111, '2019-05-15 07:07:19', '2019-05-15 07:07:19'),
(108, NULL, 112, '2019-05-15 08:15:23', '2019-05-15 08:15:23'),
(109, NULL, 113, '2019-05-15 08:21:45', '2019-05-15 08:21:45'),
(110, NULL, 114, '2019-05-15 08:26:40', '2019-05-15 08:26:40'),
(111, 375, 115, '2019-05-15 09:29:28', '2019-05-15 09:29:28'),
(112, NULL, 116, '2019-05-15 20:31:04', '2019-05-15 20:31:04'),
(113, NULL, 117, '2019-05-16 07:07:43', '2019-05-16 07:07:43'),
(114, NULL, 118, '2019-05-16 07:12:44', '2019-05-16 07:12:44'),
(115, NULL, 119, '2019-05-16 07:45:03', '2019-05-16 07:45:03'),
(116, NULL, 120, '2019-05-16 09:09:23', '2019-05-16 09:09:23'),
(117, NULL, 121, '2019-05-16 09:41:16', '2019-05-16 09:41:16'),
(118, NULL, 122, '2019-05-16 09:47:14', '2019-05-16 09:47:14'),
(119, NULL, 123, '2019-05-16 09:48:04', '2019-05-16 09:48:04'),
(120, NULL, 124, '2019-05-16 09:53:00', '2019-05-16 09:53:00'),
(121, 385, 125, '2019-05-16 14:19:52', '2019-05-16 14:19:52'),
(122, 386, 126, '2019-05-17 13:30:08', '2019-05-17 13:30:08'),
(123, NULL, 127, '2019-05-17 13:30:18', '2019-05-17 13:30:18'),
(124, NULL, 128, '2019-05-17 13:30:36', '2019-05-17 13:30:36'),
(125, NULL, 129, '2019-05-17 13:32:04', '2019-05-17 13:32:04'),
(126, NULL, 130, '2019-05-17 13:35:16', '2019-05-17 13:35:16'),
(127, NULL, 131, '2019-05-17 13:36:27', '2019-05-17 13:36:27'),
(128, NULL, 132, '2019-05-24 08:06:55', '2019-05-24 08:06:55'),
(129, 393, 133, '2019-06-08 09:25:56', '2019-06-08 09:25:56'),
(130, 394, 134, '2019-06-08 11:46:24', '2019-06-08 11:46:24'),
(131, NULL, 135, '2019-06-08 20:25:25', '2019-06-08 20:25:25'),
(132, NULL, 136, '2019-06-08 20:42:50', '2019-06-08 20:42:50'),
(133, NULL, 137, '2019-06-08 20:45:06', '2019-06-08 20:45:06'),
(134, NULL, 138, '2019-06-08 21:08:55', '2019-06-08 21:08:55'),
(135, NULL, 139, '2019-06-08 21:14:40', '2019-06-08 21:14:40'),
(136, NULL, 140, '2019-06-08 21:31:48', '2019-06-08 21:31:48'),
(137, NULL, 141, '2019-06-08 21:59:57', '2019-06-08 21:59:57'),
(138, NULL, 142, '2019-06-08 22:02:20', '2019-06-08 22:02:20'),
(139, NULL, 143, '2019-06-08 22:15:02', '2019-06-08 22:15:02'),
(140, NULL, 144, '2019-06-08 22:36:23', '2019-06-08 22:36:23'),
(141, NULL, 145, '2019-06-08 23:00:23', '2019-06-08 23:00:23'),
(142, NULL, 146, '2019-06-08 23:13:31', '2019-06-08 23:13:31'),
(143, NULL, 147, '2019-06-09 07:31:32', '2019-06-09 07:31:32'),
(144, NULL, 148, '2019-06-09 10:34:31', '2019-06-09 10:34:31'),
(145, NULL, 149, '2019-06-09 11:43:16', '2019-06-09 11:43:16'),
(146, NULL, 150, '2019-06-09 11:48:03', '2019-06-09 11:48:03'),
(147, NULL, 151, '2019-06-09 11:50:39', '2019-06-09 11:50:39'),
(148, NULL, 152, '2019-06-09 11:53:32', '2019-06-09 11:53:32'),
(149, NULL, 153, '2019-06-09 11:54:42', '2019-06-09 11:54:42'),
(150, NULL, 154, '2019-06-09 12:04:13', '2019-06-09 12:04:13'),
(151, NULL, 155, '2019-06-09 12:05:08', '2019-06-09 12:05:08'),
(152, NULL, 156, '2019-06-09 12:06:13', '2019-06-09 12:06:13'),
(153, NULL, 157, '2019-06-09 12:08:32', '2019-06-09 12:08:32'),
(154, NULL, 158, '2019-06-09 12:13:14', '2019-06-09 12:13:14'),
(155, NULL, 159, '2019-06-09 12:15:04', '2019-06-09 12:15:04'),
(156, 420, 160, '2019-06-09 12:17:59', '2019-06-09 12:17:59'),
(157, NULL, 161, '2019-06-09 12:25:08', '2019-06-09 12:25:08'),
(158, NULL, 162, '2019-06-09 12:26:12', '2019-06-09 12:26:12'),
(159, NULL, 163, '2019-06-09 12:35:34', '2019-06-09 12:35:34'),
(160, NULL, 164, '2019-06-09 12:39:56', '2019-06-09 12:39:56'),
(161, NULL, 165, '2019-06-09 12:48:49', '2019-06-09 12:48:49'),
(162, NULL, 166, '2019-06-09 12:53:20', '2019-06-09 12:53:20'),
(163, NULL, 167, '2019-06-09 13:08:52', '2019-06-09 13:08:52'),
(164, NULL, 168, '2019-06-09 13:08:54', '2019-06-09 13:08:54'),
(165, NULL, 169, '2019-06-09 13:10:57', '2019-06-09 13:10:57'),
(166, NULL, 170, '2019-06-09 13:10:59', '2019-06-09 13:10:59'),
(167, NULL, 171, '2019-06-09 13:11:59', '2019-06-09 13:11:59'),
(168, NULL, 172, '2019-06-09 13:12:00', '2019-06-09 13:12:00'),
(169, NULL, 173, '2019-06-09 13:17:29', '2019-06-09 13:17:29'),
(170, NULL, 174, '2019-06-09 13:17:31', '2019-06-09 13:17:31'),
(171, NULL, 175, '2019-06-09 13:17:35', '2019-06-09 13:17:35'),
(172, NULL, 176, '2019-06-09 13:17:36', '2019-06-09 13:17:36'),
(173, NULL, 177, '2019-06-09 13:29:40', '2019-06-09 13:29:40'),
(174, NULL, 178, '2019-06-09 13:29:42', '2019-06-09 13:29:42'),
(175, NULL, 179, '2019-06-09 13:29:45', '2019-06-09 13:29:45'),
(176, NULL, 180, '2019-06-09 13:29:47', '2019-06-09 13:29:47'),
(177, NULL, 181, '2019-06-09 14:14:11', '2019-06-09 14:14:11'),
(178, NULL, 182, '2019-06-09 14:15:57', '2019-06-09 14:15:57'),
(179, NULL, 183, '2019-06-09 14:17:22', '2019-06-09 14:17:22'),
(180, NULL, 184, '2019-06-09 14:17:59', '2019-06-09 14:17:59'),
(181, NULL, 185, '2019-06-09 14:19:22', '2019-06-09 14:19:22'),
(182, NULL, 186, '2019-06-09 14:32:06', '2019-06-09 14:32:06'),
(183, NULL, 187, '2019-06-09 15:48:49', '2019-06-09 15:48:49'),
(184, NULL, 188, '2019-06-09 15:50:00', '2019-06-09 15:50:00'),
(185, NULL, 189, '2019-06-09 15:51:38', '2019-06-09 15:51:38'),
(186, NULL, 190, '2019-06-09 15:51:59', '2019-06-09 15:51:59'),
(187, NULL, 191, '2019-06-09 15:52:33', '2019-06-09 15:52:33'),
(188, NULL, 192, '2019-06-09 15:53:03', '2019-06-09 15:53:03'),
(189, NULL, 193, '2019-06-09 15:54:13', '2019-06-09 15:54:13'),
(190, NULL, 194, '2019-06-09 15:57:49', '2019-06-09 15:57:49'),
(191, NULL, 195, '2019-06-09 16:01:23', '2019-06-09 16:01:23'),
(192, NULL, 196, '2019-06-09 16:02:23', '2019-06-09 16:02:23'),
(193, NULL, 197, '2019-06-09 16:02:55', '2019-06-09 16:02:55'),
(194, NULL, 198, '2019-06-09 16:05:22', '2019-06-09 16:05:22'),
(195, NULL, 199, '2019-06-09 16:06:39', '2019-06-09 16:06:39'),
(196, NULL, 200, '2019-06-09 16:12:54', '2019-06-09 16:12:54'),
(197, NULL, 201, '2019-06-09 16:17:14', '2019-06-09 16:17:14'),
(198, NULL, 202, '2019-06-09 16:19:10', '2019-06-09 16:19:10'),
(199, NULL, 203, '2019-06-09 16:20:58', '2019-06-09 16:20:58'),
(200, NULL, 204, '2019-06-09 16:25:46', '2019-06-09 16:25:46'),
(201, NULL, 205, '2019-06-09 16:29:39', '2019-06-09 16:29:39'),
(202, NULL, 206, '2019-06-09 16:32:39', '2019-06-09 16:32:39'),
(203, NULL, 207, '2019-06-09 16:42:41', '2019-06-09 16:42:41'),
(204, NULL, 208, '2019-06-09 16:44:36', '2019-06-09 16:44:36'),
(205, NULL, 209, '2019-06-09 16:47:20', '2019-06-09 16:47:20'),
(206, NULL, 210, '2019-06-09 16:47:32', '2019-06-09 16:47:32'),
(207, NULL, 211, '2019-06-09 16:51:14', '2019-06-09 16:51:14'),
(208, NULL, 212, '2019-06-09 16:53:15', '2019-06-09 16:53:15'),
(209, NULL, 213, '2019-06-09 16:55:05', '2019-06-09 16:55:05'),
(210, 474, 214, '2019-06-09 17:00:34', '2019-06-09 17:00:34'),
(211, 475, 215, '2019-06-09 19:22:32', '2019-06-09 19:22:32'),
(212, 476, 216, '2019-06-09 19:29:07', '2019-06-09 19:29:07'),
(213, 477, 217, '2019-06-09 19:30:31', '2019-06-09 19:30:31'),
(214, 478, 218, '2019-06-09 19:32:15', '2019-06-09 19:32:15'),
(215, 479, 219, '2019-06-10 09:10:08', '2019-06-10 09:10:08'),
(216, 480, 220, '2019-06-12 21:43:17', '2019-06-12 21:43:17');

-- --------------------------------------------------------

--
-- Table structure for table `cards`
--

CREATE TABLE `cards` (
  `id` int(10) UNSIGNED NOT NULL,
  `title` varchar(45) DEFAULT NULL,
  `count_month` int(11) DEFAULT NULL,
  `count_day` int(11) DEFAULT NULL,
  `price` decimal(8,0) DEFAULT NULL,
  `created_at` timestamp NULL DEFAULT NULL,
  `updated_at` timestamp NULL DEFAULT NULL
) ENGINE=InnoDB DEFAULT CHARSET=utf8;

--
-- Dumping data for table `cards`
--

INSERT INTO `cards` (`id`, `title`, `count_month`, `count_day`, `price`, `created_at`, `updated_at`) VALUES
(1, 'year', 12, 365, '120000', '2019-04-20 15:50:35', '2019-04-20 15:50:35'),
(2, '6month', 6, 182, '60000', '2019-04-20 15:54:40', '2019-04-20 15:54:40'),
(3, '3month', 3, 92, '30000', '2019-04-20 16:12:56', '2019-04-20 16:12:56'),
(4, '1month', 1, 30, '10000', '2019-04-20 16:12:56', '2019-04-20 16:12:56'),
(5, 'personal', 7, 243, '70000', '2019-04-20 16:12:56', '2019-04-20 16:12:56'),
(6, 'child', 7, 286, '70000', '2019-04-20 16:12:57', '2019-04-20 16:12:57'),
(7, 'Quod iure soluta nostrum quas et. Perspiciati', 2, 241, '20000', '2019-04-20 16:12:57', '2019-04-20 16:12:57'),
(8, 'Exercitationem ipsam dolorum quis. Dignissimo', 2, 324, '20000', '2019-04-20 16:28:23', '2019-04-20 16:28:23'),
(9, 'Accusantium voluptatum rem debitis. Ut hic te', 11, 11, '110000', '2019-04-20 17:26:27', '2019-04-20 17:26:27'),
(10, 'Magnam quisquam voluptatum non odit et ex qui', 9, 312, '90000', '2019-04-20 17:26:27', '2019-04-20 17:26:27');

-- --------------------------------------------------------

--
-- Table structure for table `card_user`
--

CREATE TABLE `card_user` (
  `id` int(10) UNSIGNED NOT NULL,
  `user_id` int(10) UNSIGNED DEFAULT NULL,
  `card_id` int(10) UNSIGNED DEFAULT NULL,
  `first_date_subscription` date DEFAULT NULL,
  `status` text,
  `created_at` timestamp NULL DEFAULT NULL,
  `updated_at` timestamp NULL DEFAULT NULL
) ENGINE=InnoDB DEFAULT CHARSET=utf8;

--
-- Dumping data for table `card_user`
--

INSERT INTO `card_user` (`id`, `user_id`, `card_id`, `first_date_subscription`, `status`, `created_at`, `updated_at`) VALUES
(1, 11, 1, '2019-01-01', 'active', '2019-04-20 21:24:27', '2019-04-20 21:24:27'),
(2, 12, 2, '2019-01-01', 'inactive', '2019-04-20 21:24:27', '2019-04-20 21:24:27'),
(3, 13, 3, '2019-01-01', 'cancelled', '2019-04-20 21:24:27', '2019-04-20 21:24:27'),
(4, 14, 4, '2019-01-01', 'awaiting', '2019-04-20 21:24:27', '2019-04-20 21:24:27'),
(5, 15, 5, '2019-01-01', 'expired', '2019-04-20 21:24:27', '2019-04-20 21:24:27'),
(6, 2, NULL, '2019-01-01', NULL, '2019-04-20 21:32:53', '2019-04-20 21:32:53'),
(7, 13, NULL, '2019-01-01', NULL, '2019-04-20 21:32:53', '2019-04-20 21:32:53'),
(8, 22, NULL, '2019-01-01', NULL, '2019-04-20 21:32:53', '2019-04-20 21:32:53'),
(9, 18, NULL, '2019-01-01', NULL, '2019-04-20 21:32:53', '2019-04-20 21:32:53'),
(10, 6, NULL, '2019-01-01', NULL, '2019-04-20 21:32:53', '2019-04-20 21:32:53'),
(242, NULL, 1, '2019-04-30', NULL, '2019-04-30 09:06:29', '2019-04-30 09:06:29'),
(243, NULL, 3, '2019-04-30', 'active', '2019-04-30 09:19:59', '2019-04-30 09:19:59'),
(244, NULL, 5, '2019-04-30', 'awaiting', '2019-04-30 18:50:37', '2019-04-30 18:50:37'),
(293, 235, 1, '2019-05-04', 'expired', '2019-05-04 19:36:05', '2019-05-04 19:36:05'),
(294, 235, 3, '2019-05-04', 'active', '2019-05-04 19:41:24', '2019-05-04 19:41:24'),
(296, 235, 2, '2019-05-04', 'inactive', '2019-05-04 20:51:29', '2019-05-04 20:51:29'),
(297, 235, 6, '2019-05-05', 'cancelled', '2019-05-04 21:19:05', '2019-05-04 21:19:05'),
(298, NULL, 2, '2019-05-05', 'awaiting', '2019-05-05 18:38:02', '2019-05-05 18:38:02'),
(300, NULL, 2, '2019-05-12', 'awaiting', '2019-05-12 01:20:49', '2019-05-12 01:20:49'),
(305, NULL, 1, '2019-05-13', 'awaiting', '2019-05-13 06:21:05', '2019-05-13 06:21:05'),
(306, NULL, 2, '2019-05-13', 'awaiting', '2019-05-13 06:25:14', '2019-05-13 06:25:14'),
(307, 235, 4, '2019-06-13', 'awaiting', '2019-06-12 21:08:18', '2019-06-12 21:08:18');

-- --------------------------------------------------------

--
-- Table structure for table `contents`
--

CREATE TABLE `contents` (
  `id` int(10) UNSIGNED NOT NULL,
  `title` varchar(255) DEFAULT NULL,
  `status` varchar(255) DEFAULT NULL,
  `text` varchar(255) DEFAULT NULL,
  `created_at` timestamp NULL DEFAULT NULL,
  `updated_at` timestamp NULL DEFAULT NULL
) ENGINE=InnoDB DEFAULT CHARSET=utf8;

--
-- Dumping data for table `contents`
--

INSERT INTO `contents` (`id`, `title`, `status`, `text`, `created_at`, `updated_at`) VALUES
(1, 'Et fuga accusantium ut et qui. Earum illo laborum omnis cum aut est.', NULL, 'Fugiat eum velit porro. Eius voluptatem est in. Ut quisquam consequatur maiores qui aut impedit. Dolores atque totam molestias. Dolorum laboriosam vero error autem iusto et. Cum sequi maxime nihil perspiciatis. Ex porro sunt sed vel quod.', '2019-04-20 21:24:27', '2019-04-20 21:24:27'),
(2, 'Et fuga accusantium ut et qui. Earum illo laborum omnis cum aut est.', NULL, 'Et rerum nemo perspiciatis voluptas veritatis eius iusto. Est delectus exercitationem quo. Saepe placeat sapiente earum voluptas sed.', '2019-04-20 21:24:27', '2019-04-20 21:24:27'),
(3, 'Et fuga accusantium ut et qui. Earum illo laborum omnis cum aut est.', NULL, 'Repudiandae nemo magnam itaque consequatur. Error perferendis non qui laboriosam enim illum. Sequi debitis totam excepturi et sint eum. Corporis aut laboriosam dolor inventore.', '2019-04-20 21:24:27', '2019-04-20 21:24:27'),
(4, 'Et fuga accusantium ut et qui. Earum illo laborum omnis cum aut est.', NULL, 'Eaque non quisquam labore dicta. Quae quasi tempora praesentium ratione in maxime id. Maxime quo harum molestiae voluptatibus sed numquam. Voluptatum explicabo nobis vel dolor officiis dolorum.', '2019-04-20 21:24:27', '2019-04-20 21:24:27'),
(5, 'Et fuga accusantium ut et qui. Earum illo laborum omnis cum aut est.', NULL, 'Sapiente odio ut rerum id vel. Dolore est repellendus aut ipsa qui aut. Hic impedit quidem aut a non ut. Est atque ipsa eos perspiciatis et. Qui officia molestias aliquam voluptates laboriosam sed dolor laboriosam.', '2019-04-20 21:24:27', '2019-04-20 21:24:27'),
(6, 'comment', 'public', 'Отличный клуб!', '2019-04-20 21:32:53', '2019-04-20 21:32:53'),
(7, 'comment', 'public', 'Отличный клуб!', '2019-04-20 21:32:53', '2019-04-20 21:32:53'),
(8, 'comment', 'public', 'Отличный клуб!', '2019-04-20 21:32:53', '2019-04-20 21:32:53'),
(9, 'comment', 'public', 'Отличный клуб!', '2019-04-20 21:32:53', '2019-04-20 21:32:53'),
(10, 'comment', 'public', 'Отличный клуб!', '2019-04-20 21:32:53', '2019-04-20 21:32:53'),
(227, 'Некий контент', NULL, 'текст', '2019-04-20 21:32:53', '2019-04-20 21:32:53'),
(228, 'ghfhfghfgh', NULL, 'текст', '2019-04-20 21:32:53', '2019-04-20 21:32:53'),
(229, NULL, NULL, 'hgcgmjh,khj.lh.lkhbjhchngx', '2019-04-30 20:51:35', '2019-04-30 20:51:35'),
(230, 'question_from_contacts', NULL, 'cnhv,knk.lj.n,n vbn bvnmhv,mhghj', '2019-04-30 20:54:28', '2019-04-30 20:54:28'),
(231, 'Вопрос из формы контактов', NULL, 'cnhv,knk.lj.n,n vbn bvnmhv,mhghj', '2019-04-30 20:55:30', '2019-04-30 20:55:30'),
(232, 'Вопрос из формы контактов', NULL, 'cnhv,knk.lj.n,n vbn bvnmhv,mhghj', '2019-04-30 20:58:00', '2019-04-30 20:58:00'),
(233, 'Вопрос из формы контактов', NULL, 'cnhv,knk.lj.n,n vbn bvnmhv,mhghj', '2019-04-30 20:59:41', '2019-04-30 20:59:41'),
(234, 'Вопрос из формы контактов', NULL, 'cnhv,knk.lj.n,n vbn bvnmhv,mhghj', '2019-04-30 20:59:57', '2019-04-30 20:59:57'),
(235, 'Вопрос из формы контактов', NULL, 'cnhv,knk.lj.n,n vbn bvnmhv,mhghj', '2019-04-30 21:00:14', '2019-04-30 21:00:14'),
(236, 'Вопрос из формы контактов', NULL, 'cnhv,knk.lj.n,n vbn bvnmhv,mhghj', '2019-04-30 21:05:51', '2019-04-30 21:05:51'),
(237, 'Вопрос из формы контактов', NULL, 'cnhv,knk.lj.n,n vbn bvnmhv,mhghj', '2019-04-30 21:06:15', '2019-04-30 21:06:15'),
(238, 'Вопрос из формы контактов', NULL, 'cnhv,knk.lj.n,n vbn bvnmhv,mhghj', '2019-04-30 21:07:44', '2019-04-30 21:07:44'),
(239, 'Вопрос из формы контактов', NULL, 'cnhv,knk.lj.n,n vbn bvnmhv,mhghj', '2019-04-30 21:08:57', '2019-04-30 21:08:57'),
(240, 'Вопрос из формы контактов', NULL, 'cnhv,knk.lj.n,n vbn bvnmhv,mhghj', '2019-04-30 21:15:49', '2019-04-30 21:15:49'),
(241, 'Вопрос из формы контактов', NULL, 'cnhv,knk.lj.n,n vbn bvnmhv,mhghj', '2019-04-30 21:16:55', '2019-04-30 21:16:55'),
(242, 'Вопрос из формы контактов', NULL, 'cnhv,knk.lj.n,n vbn bvnmhv,mhghj', '2019-04-30 21:17:08', '2019-04-30 21:17:08'),
(243, 'Вопрос из формы контактов', NULL, 'vnvnvmhgvjhmvjmh', '2019-04-30 21:22:01', '2019-04-30 21:22:01'),
(244, 'Вопрос из формы контактов', NULL, 'vnvnvmhgvjhmvjmh', '2019-04-30 21:22:47', '2019-04-30 21:22:47'),
(245, 'Вопрос из формы контактов', NULL, 'vnvnvmhgvjhmvjmh', '2019-04-30 21:23:09', '2019-04-30 21:23:09'),
(246, 'Вопрос из формы контактов', NULL, 'vnhfnhvngvfng', '2019-05-01 08:10:19', '2019-05-01 08:10:19'),
(247, 'Вопрос из формы контактов', NULL, 'chgcvnv', '2019-05-01 08:12:30', '2019-05-01 08:12:30'),
(248, 'Вопрос из формы контактов', NULL, 'kjbkjbk', '2019-05-01 09:09:37', '2019-05-01 09:09:37'),
(249, 'Вопрос из формы контактов', NULL, 'vdfvdfv', '2019-05-01 16:47:43', '2019-05-01 16:47:43'),
(250, 'Вопрос из формы контактов', NULL, 'ifjnsldnasdlfkjnoifnoxdifjdocnfodifjdoСообщение от пользователя: Миронов Яков Львович, e-mail: solnce52004@yandex.ru, телефон: 8-800-512-0071. Текст сообщения: ifjnsldnasdlfkjnoifnoxdifjdocnfodifjdo', '2019-05-01 16:57:43', '2019-05-01 16:57:43'),
(251, 'Вопрос из формы контактов', NULL, 'Сообщение от пользователя: Миронов Яков Львович, e-mail: solnce52004@yandex.ru, телефон: 8-800-512-0071. Текст сообщения: xjdbksjdfneldkjnxwlejaxnlseknclakwel', '2019-05-01 16:59:00', '2019-05-01 16:59:00'),
(252, 'Вопрос из формы контактов', NULL, 'Миронов Яков Львович, solnce52004@yandex.ru, 8-800-512-0071, fgsldknlskalskdmalke345p34534rsdlxkclx8', '2019-05-01 17:02:23', '2019-05-01 17:02:23'),
(253, 'Вопрос из формы контактов', NULL, 'Миронов Яков Львович, solnce52004@yandex.ru, 8-800-512-0071, ', '2019-05-01 17:06:42', '2019-05-01 17:06:42'),
(276, 'Вопрос из формы контактов', NULL, 'Владимир Сергеевич Максимов, m-a-grigoreva@yandex.ru, +7 (922) 769-7554, e4534fsdfs', '2019-05-03 14:49:17', '2019-05-03 14:49:17'),
(277, 'Вопрос из формы контактов', NULL, 'Владимир Сергеевич Максимов, m-a-grigoreva@yandex.ru, +7 (922) 769-7554, hmbmbhmhn7567tgvnb', '2019-05-03 14:49:51', '2019-05-03 14:49:51'),
(278, 'Вопрос из формы контактов', NULL, 'Владимир Сергеевич Максимов, m-a-grigoreva@yandex.ru, +7 (922) 769-7554, lsdknclkxjcn  jbskdjbsk j kdjcsbkzjcxcbj bksjdbcksjdcbksj?', '2019-05-03 14:51:03', '2019-05-03 14:51:03'),
(279, 'answer', '293', 'Ваш вопрос не корректен', '2019-05-03 14:51:52', '2019-05-03 14:51:52'),
(280, 'answer', '295', 'Ответ', '2019-05-04 18:13:44', '2019-05-04 18:13:44'),
(281, 'Вопрос из формы контактов', 'denied', 'Владимир Сергеевич Максимов, m-a-grigoreva@yandex.ru, +7 (922) 769-7554, l.khn.lk.lkn.l,nk.\r\njv mbkjb\r\nkb mjbkljl', '2019-05-04 18:15:30', '2019-05-04 18:15:30'),
(282, 'comment', 'public', 'mlkn.lkn.l,nk.lkn.l,nk.l kjbln, lkjnlkn lknlknln', '2019-05-04 18:16:37', '2019-05-04 18:16:37'),
(283, 'question_from_contacts', NULL, 'Q?', '2019-05-05 19:15:52', '2019-05-05 19:15:52'),
(284, 'comments', 'public', 'Замечательный клуб! Мне все очень понравилось! Обязательно буду рекомендовать всем знакомым!', '2019-05-07 06:02:56', '2019-05-07 06:02:56'),
(285, 'comments', 'moderating', 'тмртмомром', '2019-05-07 06:06:37', '2019-05-07 06:06:37'),
(286, 'comments', 'public', 'Отличный клуб! Все suppper!!', '2019-05-07 06:16:40', '2019-05-07 06:16:40'),
(287, 'comments', 'public', 'Детям очень понравился тренер. Сразу нашли общий язык! Не хотели уходить)))', '2019-05-07 06:21:18', '2019-05-07 06:21:18'),
(288, 'comments', 'public', 'В клубе очень теплая атмосфера! Отличный коллектив!', '2019-05-07 06:37:52', '2019-05-07 06:37:52'),
(292, 'comments', 'public', 'Каждый раз после тренировки, понимаешь, что это самый лучший спорт клуб в Москве!', '2019-05-07 06:42:05', '2019-05-07 06:42:05'),
(293, 'comments', 'denied', 'Друзья посоветовали этот клуб, и оказались правы! Все классно!', '2019-05-07 06:44:38', '2019-05-07 06:44:38'),
(294, 'question_from_contacts', NULL, 'илилилилоилоил?', '2019-05-07 07:41:58', '2019-05-07 07:41:58'),
(295, 'question_from_contacts', NULL, 'Вопрос?', '2019-05-07 07:58:05', '2019-05-07 07:58:05'),
(296, 'question_from_contacts', NULL, 'Вопрос 2?', '2019-05-07 07:59:28', '2019-05-07 07:59:28'),
(297, 'question_from_contacts', NULL, 'Вопрос 3?', '2019-05-07 08:43:42', '2019-05-07 08:43:42'),
(298, 'comments', 'public', 'Рядом с работой, очень удобно)) Гости - приличные люди из соседних офисов', '2019-05-08 10:55:38', '2019-05-08 10:55:38'),
(299, 'comments', 'moderating', 'Супер-клуб!', '2019-05-08 15:38:15', '2019-05-08 15:38:15'),
(300, 'question_from_contacts', NULL, 'вопрос?', '2019-05-08 15:38:55', '2019-05-08 15:38:55'),
(301, 'comments', 'public', 'Круууто!!!', '2019-05-08 19:38:19', '2019-05-08 19:38:19'),
(302, 'comments', 'public', 'Я круто накачался!', '2019-05-08 19:45:36', '2019-05-08 19:45:36'),
(303, 'question_from_contacts', NULL, 'Как вы работаете в праздники?', '2019-05-09 14:17:08', '2019-05-09 14:17:08'),
(304, 'answer', '311', 'Здравствуйте. В праздники наш клуб работает в обычном режиме. Будем рады видеть Вас на тренировке))', '2019-05-09 14:17:08', '2019-05-09 14:17:08'),
(305, 'comments', 'public', 'В клубе светло и просторно', '2019-05-10 15:14:00', '2019-05-10 15:14:00'),
(306, 'comments', 'public', 'Рядом парковка', '2019-05-10 15:14:23', '2019-05-10 15:14:23'),
(307, 'question_from_contacts', NULL, NULL, '2019-05-10 16:43:23', '2019-05-10 16:43:23'),
(308, 'question_from_contacts', NULL, NULL, '2019-05-10 16:44:28', '2019-05-10 16:44:28'),
(309, 'question_from_contacts', NULL, 'vmjhvgjhv', '2019-05-10 16:47:10', '2019-05-10 16:47:10'),
(310, 'answer', '328', 'nkjnkjnkjnknjkn', '2019-05-10 16:47:10', '2019-05-10 16:47:10'),
(311, 'question_from_contacts', 'knjnj@nkjk.rgbrbkjkj', 'Вопрос от незарегистрированного пользователя. Имя: ttt. Телефон: 8(658) 765-85-68. Сообщение: Как вы работаете в праздники?', '2019-05-10 16:54:22', '2019-05-10 16:54:22'),
(312, 'question_from_contacts', NULL, 'gjkb,kjb,jb,jhb&?', '2019-05-10 16:54:29', '2019-05-10 16:54:29'),
(313, 'question_from_contacts', NULL, 'hjg,jg,mj', '2019-05-10 17:07:40', '2019-05-10 17:07:40'),
(314, 'question_from_contacts', NULL, 'hjhgjhgjh', '2019-05-11 05:20:41', '2019-05-11 05:20:41'),
(315, 'question_from_contacts', NULL, 'kgkgukg', '2019-05-11 05:39:39', '2019-05-11 05:39:39'),
(316, 'question_from_contacts', NULL, 'mjbkmbjm', '2019-05-11 05:43:13', '2019-05-11 05:43:13'),
(317, 'question_from_contacts', 'm-a-grigorieva@yandex.ru', 'Вопрос от незарегистрированного пользователя. Имя: ttt. Телефон: 8(658) 765-85-68. Сообщение: Как вы работаете в праздники?', '2019-05-11 23:04:38', '2019-05-11 23:04:38'),
(318, 'question_from_contacts', 'solnce52004@yandex.ru', 'Вопрос от незарегистрированного пользователя. Имя: ttt. Телефон: 8(658) 765-85-68. Сообщение: Как вы работаете в праздники?', '2019-05-11 23:05:11', '2019-05-11 23:05:11'),
(319, 'comments', 'public', NULL, '2019-05-12 01:24:58', '2019-05-12 01:24:58'),
(320, 'comments', 'public', NULL, '2019-05-12 01:28:10', '2019-05-12 01:28:10'),
(321, 'comments', 'public', NULL, '2019-05-12 01:33:06', '2019-05-12 01:33:06'),
(322, 'comments', 'public', 'nhgjhj', '2019-05-12 01:34:26', '2019-05-12 01:34:26'),
(323, 'comments', 'public', 'jhgjhgjh', '2019-05-12 01:37:46', '2019-05-12 01:37:46'),
(324, 'comments', 'public', 'hgjhhj', '2019-05-12 01:39:04', '2019-05-12 01:39:04'),
(325, 'comments', 'public', 'tfjfyf', '2019-05-12 01:40:08', '2019-05-12 01:40:08'),
(326, 'question_from_contacts', 'vfgfg@h76767gfh.hghg76767hghggsvsv', 'Вопрос от незарегистрированного пользователя. Имя: ttt. Телефон: 8(658) 765-85-68. Сообщение: Как вы работаете в праздники?', '2019-05-12 01:45:49', '2019-05-12 01:45:49'),
(327, 'question_from_contacts', 'm-a-grigorieva@yandex.ru', 'Вопрос от незарегистрированного пользователя. Имя: ttt. Телефон: 8(658) 765-85-68. Сообщение: Как вы работаете в праздники?', '2019-05-13 06:09:52', '2019-05-13 06:09:52'),
(328, 'question_from_contacts', 'm-a-grigoreva@yandex.ru', 'Вопрос от незарегистрированного пользователя. Имя: ttt. Телефон: 8(658) 765-85-68. Сообщение: Как вы работаете в праздники?', '2019-05-13 06:28:08', '2019-05-13 06:28:08'),
(329, 'comments', 'public', 'hgfhfghg', '2019-05-13 17:26:52', '2019-05-13 17:26:52'),
(330, 'comments', 'public', 'kjhkhkjhkj', '2019-05-13 17:27:09', '2019-05-13 17:27:09'),
(331, 'question_from_contacts', 'solnce52004@yandex.ru', 'Вопрос от незарегистрированного пользователя. Имя: ttt. Телефон: 8(658) 765-85-68. Сообщение: Как вы работаете в праздники?', '2019-05-13 17:30:28', '2019-05-13 17:30:28'),
(332, 'question_from_contacts', 'solnce52004@yandex.ru', 'Вопрос от незарегистрированного пользователя. Имя: ttt. Телефон: 8(658) 765-85-68. Сообщение: Как вы работаете в праздники?', '2019-05-13 17:33:42', '2019-05-13 17:33:42'),
(333, 'answer', '328', 'jhgjgh -  Сообщение: Как вы работаете в праздники?', '2019-05-17 08:29:43', '2019-05-17 08:29:43'),
(334, 'answer', '328', 'gvjhgjhj -  Сообщение: Как вы работаете в праздники?', '2019-05-17 08:30:22', '2019-05-17 08:30:22'),
(335, 'answer', '311', 'hgfhg -  Сообщение: Как вы работаете в праздники?', '2019-05-17 08:32:38', '2019-05-17 08:32:38'),
(336, 'answer', '328', 'dfgdfg -  Телефон: 8(658) 765-85-68', '2019-05-17 08:36:38', '2019-05-17 08:36:38'),
(337, 'answer', '328', 'hvjhvjhjv - m-a-grigoreva@yandex.ru', '2019-05-17 08:38:14', '2019-05-17 08:38:14'),
(338, 'answer', '317', 'hgbjhvjh', '2019-05-17 08:41:06', '2019-05-17 08:41:06'),
(339, 'answer', '317', 'kmjbkjbk', '2019-05-17 08:46:45', '2019-05-17 08:46:45'),
(340, 'answer', '328', 'nhjh', '2019-05-17 08:49:57', '2019-05-17 08:49:57'),
(341, 'answer', '332', 'khlhiol', '2019-05-17 08:50:46', '2019-05-17 08:50:46'),
(342, 'answer', '328', 'mjbnmjbm', '2019-05-17 08:54:42', '2019-05-17 08:54:42'),
(343, 'answer', '311', 'mhbkhb', '2019-05-17 08:55:09', '2019-05-17 08:55:09'),
(344, 'answer', '332', 'hgfhg', '2019-05-17 08:55:46', '2019-05-17 08:55:46'),
(345, 'answer', '332', 'kuhkuhk', '2019-05-17 08:58:35', '2019-05-17 08:58:35'),
(346, 'answer', '328', 'dfcfgcg', '2019-05-17 08:59:41', '2019-05-17 08:59:41'),
(347, 'answer', '328', 'dfcfgcg', '2019-05-17 09:00:19', '2019-05-17 09:00:19'),
(348, 'answer', '332', 'kjhkj', '2019-05-17 09:02:18', '2019-05-17 09:02:18'),
(349, 'answer', '332', 'hgfhjgfhn', '2019-05-17 09:09:55', '2019-05-17 09:09:55'),
(350, 'answer', '311', 'jhgjh', '2019-05-17 09:10:11', '2019-05-17 09:10:11'),
(351, 'answer', '328', 'cgfgh', '2019-05-17 09:12:09', '2019-05-17 09:12:09'),
(352, 'answer', '328', 'cgfgh', '2019-05-17 09:14:00', '2019-05-17 09:14:00'),
(353, 'answer', '328', 'jhvjhvj', '2019-05-17 09:14:22', '2019-05-17 09:14:22'),
(354, 'answer', '332', 'jhgjh', '2019-05-17 09:16:12', '2019-05-17 09:16:12'),
(355, 'answer', '326', 'n,nlknlnk', '2019-05-17 09:16:39', '2019-05-17 09:16:39'),
(356, 'answer', '328', 'ujygjgj', '2019-05-17 09:28:22', '2019-05-17 09:28:22'),
(357, 'answer', '332', 'hbkbkjbk', '2019-05-17 09:29:21', '2019-05-17 09:29:21'),
(358, 'question_from_contacts', NULL, 'hvmjhvjh', '2019-05-28 01:15:37', '2019-05-28 01:15:37'),
(359, 'answer', '332', '555', '2019-05-28 01:54:43', '2019-05-28 01:54:43'),
(360, 'answer', '332', '777', '2019-05-28 01:55:24', '2019-05-28 01:55:24'),
(361, 'answer', '332', 'fdfdfdf', '2019-06-08 11:48:43', '2019-06-08 11:48:43'),
(362, 'question_from_contacts', 'scscsc@dfbdbdb.dfdfd', 'sfgsdffgsgВопрос от незарегистрированного пользователя. Имя: ccxcc.Телефон: 8(345) 345-34-53.Сообщение: sfgsdffgsg', '2019-06-08 15:05:46', '2019-06-08 15:05:46'),
(363, 'comments', 'public', 'Я круто накачался!!!', '2019-06-12 22:19:25', '2019-06-12 22:19:25'),
(364, 'comments', 'public', 'Отличный клуб! Буду рекомендовать всем знакомым!', '2019-06-12 22:19:59', '2019-06-12 22:19:59');

-- --------------------------------------------------------

--
-- Table structure for table `content_user`
--

CREATE TABLE `content_user` (
  `id` int(10) UNSIGNED NOT NULL,
  `content_id` int(10) UNSIGNED DEFAULT NULL,
  `user_id` int(10) UNSIGNED DEFAULT NULL,
  `created_at` timestamp NULL DEFAULT NULL,
  `updated_at` timestamp NULL DEFAULT NULL
) ENGINE=InnoDB DEFAULT CHARSET=utf8;

--
-- Dumping data for table `content_user`
--

INSERT INTO `content_user` (`id`, `content_id`, `user_id`, `created_at`, `updated_at`) VALUES
(218, 1, 21, '2019-04-20 21:24:27', '2019-04-20 21:24:27'),
(219, 2, 22, '2019-04-20 21:24:27', '2019-04-20 21:24:27'),
(220, 3, 23, '2019-04-20 21:24:27', '2019-04-20 21:24:27'),
(221, 4, 24, '2019-04-20 21:24:27', '2019-04-20 21:24:27'),
(222, 5, 25, '2019-04-20 21:24:27', '2019-04-20 21:24:27'),
(223, 6, 11, '2019-04-20 21:32:53', '2019-04-20 21:32:53'),
(224, 7, 12, '2019-04-20 21:32:53', '2019-04-20 21:32:53'),
(225, 8, 13, '2019-04-20 21:32:53', '2019-04-20 21:32:53'),
(226, 9, 14, '2019-04-20 21:32:53', '2019-04-20 21:32:53'),
(227, 10, 6, '2019-04-20 21:32:53', '2019-04-20 21:32:53'),
(228, 229, 235, '2019-04-30 20:51:35', '2019-04-30 20:51:35'),
(229, 231, 235, '2019-04-30 20:55:30', '2019-04-30 20:55:30'),
(230, 232, 235, '2019-04-30 20:58:00', '2019-04-30 20:58:00'),
(231, 233, 235, '2019-04-30 20:59:41', '2019-04-30 20:59:41'),
(232, 234, 235, '2019-04-30 20:59:57', '2019-04-30 20:59:57'),
(233, 235, 235, '2019-04-30 21:00:14', '2019-04-30 21:00:14'),
(234, 236, 235, '2019-04-30 21:05:51', '2019-04-30 21:05:51'),
(235, 237, 235, '2019-04-30 21:06:15', '2019-04-30 21:06:15'),
(236, 238, 235, '2019-04-30 21:07:44', '2019-04-30 21:07:44'),
(237, 239, 235, '2019-04-30 21:08:57', '2019-04-30 21:08:57'),
(238, 240, 235, '2019-04-30 21:15:49', '2019-04-30 21:15:49'),
(239, 241, 235, '2019-04-30 21:16:55', '2019-04-30 21:16:55'),
(240, 242, 235, '2019-04-30 21:17:08', '2019-04-30 21:17:08'),
(241, 243, 235, '2019-04-30 21:22:01', '2019-04-30 21:22:01'),
(242, 244, 235, '2019-04-30 21:22:47', '2019-04-30 21:22:47'),
(243, 245, 235, '2019-04-30 21:23:09', '2019-04-30 21:23:09'),
(244, 246, 235, '2019-05-01 08:10:19', '2019-05-01 08:10:19'),
(245, 247, 235, '2019-05-01 08:12:30', '2019-05-01 08:12:30'),
(246, 248, 235, '2019-05-01 09:09:37', '2019-05-01 09:09:37'),
(247, 249, 235, '2019-05-01 16:47:43', '2019-05-01 16:47:43'),
(248, 304, 375, '2019-05-01 16:57:43', '2019-05-01 16:57:43'),
(249, 311, 295, '2019-05-01 16:59:00', '2019-05-01 16:59:00'),
(250, 310, 375, '2019-05-01 17:02:23', '2019-05-01 17:02:23'),
(251, 253, 295, '2019-05-01 17:06:42', '2019-05-01 17:06:42'),
(274, 276, 235, '2019-05-03 14:49:17', '2019-05-03 14:49:17'),
(275, 277, 235, '2019-05-03 14:49:51', '2019-05-03 14:49:51'),
(276, 278, 235, '2019-05-03 14:51:03', '2019-05-03 14:51:03'),
(277, 279, 235, '2019-05-03 14:51:52', '2019-05-03 14:51:52'),
(278, 328, 235, '2019-05-04 18:13:44', '2019-05-04 18:13:44'),
(279, 281, 235, '2019-05-04 18:15:30', '2019-05-04 18:15:30'),
(654, 1, 385, '2019-05-16 14:19:53', '2019-05-16 14:19:53'),
(655, 356, 375, '2019-05-17 09:28:22', '2019-05-17 09:28:22'),
(656, 357, 375, '2019-05-17 09:29:21', '2019-05-17 09:29:21'),
(657, 6, NULL, '2019-05-17 13:30:18', '2019-05-17 13:30:18'),
(658, 6, NULL, '2019-05-17 13:30:18', '2019-05-17 13:30:18'),
(659, 6, NULL, '2019-05-17 13:30:18', '2019-05-17 13:30:18'),
(660, 6, NULL, '2019-05-17 13:30:18', '2019-05-17 13:30:18'),
(661, 6, NULL, '2019-05-17 13:30:18', '2019-05-17 13:30:18'),
(662, 6, NULL, '2019-05-17 13:30:18', '2019-05-17 13:30:18'),
(663, 6, NULL, '2019-05-17 13:30:18', '2019-05-17 13:30:18'),
(664, 6, NULL, '2019-05-17 13:30:18', '2019-05-17 13:30:18'),
(665, 6, NULL, '2019-05-17 13:30:18', '2019-05-17 13:30:18'),
(666, 6, NULL, '2019-05-17 13:30:18', '2019-05-17 13:30:18'),
(667, 6, NULL, '2019-05-17 13:30:18', '2019-05-17 13:30:18'),
(668, 6, NULL, '2019-05-17 13:30:18', '2019-05-17 13:30:18'),
(669, 6, NULL, '2019-05-17 13:30:18', '2019-05-17 13:30:18'),
(670, 6, NULL, '2019-05-17 13:30:18', '2019-05-17 13:30:18'),
(671, 6, NULL, '2019-05-17 13:30:18', '2019-05-17 13:30:18'),
(672, 6, NULL, '2019-05-17 13:30:18', '2019-05-17 13:30:18'),
(673, 6, NULL, '2019-05-17 13:30:18', '2019-05-17 13:30:18'),
(674, 6, NULL, '2019-05-17 13:30:18', '2019-05-17 13:30:18'),
(675, 6, NULL, '2019-05-17 13:30:18', '2019-05-17 13:30:18'),
(676, 6, NULL, '2019-05-17 13:30:18', '2019-05-17 13:30:18'),
(677, 6, NULL, '2019-05-17 13:30:18', '2019-05-17 13:30:18'),
(678, 6, NULL, '2019-05-17 13:30:18', '2019-05-17 13:30:18'),
(679, 6, NULL, '2019-05-17 13:30:18', '2019-05-17 13:30:18'),
(680, 6, NULL, '2019-05-17 13:30:18', '2019-05-17 13:30:18'),
(681, 6, NULL, '2019-05-17 13:30:18', '2019-05-17 13:30:18'),
(682, 6, NULL, '2019-05-17 13:30:18', '2019-05-17 13:30:18'),
(683, 6, NULL, '2019-05-17 13:30:18', '2019-05-17 13:30:18'),
(684, 6, NULL, '2019-05-17 13:30:18', '2019-05-17 13:30:18'),
(685, 6, NULL, '2019-05-17 13:30:18', '2019-05-17 13:30:18'),
(686, 6, NULL, '2019-05-17 13:30:18', '2019-05-17 13:30:18'),
(687, 6, NULL, '2019-05-17 13:30:18', '2019-05-17 13:30:18'),
(688, 6, NULL, '2019-05-17 13:30:18', '2019-05-17 13:30:18'),
(689, 6, NULL, '2019-05-17 13:30:18', '2019-05-17 13:30:18'),
(690, 6, NULL, '2019-05-17 13:30:18', '2019-05-17 13:30:18'),
(691, 6, NULL, '2019-05-17 13:30:18', '2019-05-17 13:30:18'),
(692, 6, NULL, '2019-05-17 13:30:18', '2019-05-17 13:30:18'),
(693, 6, NULL, '2019-05-17 13:30:18', '2019-05-17 13:30:18'),
(694, 6, NULL, '2019-05-17 13:30:18', '2019-05-17 13:30:18'),
(695, 6, NULL, '2019-05-17 13:30:18', '2019-05-17 13:30:18'),
(696, 6, NULL, '2019-05-17 13:30:18', '2019-05-17 13:30:18'),
(697, 6, NULL, '2019-05-17 13:30:18', '2019-05-17 13:30:18'),
(698, 6, NULL, '2019-05-17 13:30:18', '2019-05-17 13:30:18'),
(699, 6, NULL, '2019-05-17 13:30:18', '2019-05-17 13:30:18'),
(700, 6, NULL, '2019-05-17 13:30:18', '2019-05-17 13:30:18'),
(701, 6, NULL, '2019-05-17 13:30:18', '2019-05-17 13:30:18'),
(702, 6, NULL, '2019-05-17 13:30:18', '2019-05-17 13:30:18'),
(703, 6, NULL, '2019-05-17 13:30:18', '2019-05-17 13:30:18'),
(704, 6, NULL, '2019-05-17 13:30:18', '2019-05-17 13:30:18'),
(705, 6, NULL, '2019-05-17 13:30:18', '2019-05-17 13:30:18'),
(706, 6, NULL, '2019-05-17 13:30:18', '2019-05-17 13:30:18'),
(707, 6, NULL, '2019-05-17 13:30:18', '2019-05-17 13:30:18'),
(708, 6, NULL, '2019-05-17 13:30:18', '2019-05-17 13:30:18'),
(709, 6, NULL, '2019-05-17 13:30:18', '2019-05-17 13:30:18'),
(710, 6, NULL, '2019-05-17 13:30:18', '2019-05-17 13:30:18'),
(711, 6, NULL, '2019-05-17 13:30:18', '2019-05-17 13:30:18'),
(712, 6, NULL, '2019-05-17 13:30:18', '2019-05-17 13:30:18'),
(713, 6, NULL, '2019-05-17 13:30:18', '2019-05-17 13:30:18'),
(714, 6, NULL, '2019-05-17 13:30:18', '2019-05-17 13:30:18'),
(715, 6, NULL, '2019-05-17 13:30:18', '2019-05-17 13:30:18'),
(716, 6, NULL, '2019-05-17 13:30:18', '2019-05-17 13:30:18'),
(717, 6, NULL, '2019-05-17 13:30:18', '2019-05-17 13:30:18'),
(718, 6, NULL, '2019-05-17 13:30:18', '2019-05-17 13:30:18'),
(719, 6, NULL, '2019-05-17 13:30:18', '2019-05-17 13:30:18'),
(720, 6, NULL, '2019-05-17 13:30:18', '2019-05-17 13:30:18'),
(721, 6, NULL, '2019-05-17 13:30:18', '2019-05-17 13:30:18'),
(722, 6, NULL, '2019-05-17 13:30:18', '2019-05-17 13:30:18'),
(723, 6, NULL, '2019-05-17 13:30:36', '2019-05-17 13:30:36'),
(724, 6, NULL, '2019-05-17 13:30:36', '2019-05-17 13:30:36'),
(725, 6, NULL, '2019-05-17 13:30:36', '2019-05-17 13:30:36'),
(726, 6, NULL, '2019-05-17 13:30:36', '2019-05-17 13:30:36'),
(727, 6, NULL, '2019-05-17 13:30:36', '2019-05-17 13:30:36'),
(728, 6, NULL, '2019-05-17 13:30:36', '2019-05-17 13:30:36'),
(729, 6, NULL, '2019-05-17 13:30:36', '2019-05-17 13:30:36'),
(730, 6, NULL, '2019-05-17 13:30:36', '2019-05-17 13:30:36'),
(731, 6, NULL, '2019-05-17 13:30:36', '2019-05-17 13:30:36'),
(732, 6, NULL, '2019-05-17 13:30:36', '2019-05-17 13:30:36'),
(733, 6, NULL, '2019-05-17 13:30:36', '2019-05-17 13:30:36'),
(734, 6, NULL, '2019-05-17 13:30:36', '2019-05-17 13:30:36'),
(735, 6, NULL, '2019-05-17 13:30:36', '2019-05-17 13:30:36'),
(736, 6, NULL, '2019-05-17 13:30:36', '2019-05-17 13:30:36'),
(737, 6, NULL, '2019-05-17 13:30:36', '2019-05-17 13:30:36'),
(738, 6, NULL, '2019-05-17 13:30:36', '2019-05-17 13:30:36'),
(739, 6, NULL, '2019-05-17 13:30:36', '2019-05-17 13:30:36'),
(740, 6, NULL, '2019-05-17 13:30:36', '2019-05-17 13:30:36'),
(741, 6, NULL, '2019-05-17 13:30:36', '2019-05-17 13:30:36'),
(742, 6, NULL, '2019-05-17 13:30:36', '2019-05-17 13:30:36'),
(743, 6, NULL, '2019-05-17 13:30:36', '2019-05-17 13:30:36'),
(744, 6, NULL, '2019-05-17 13:30:36', '2019-05-17 13:30:36'),
(745, 6, NULL, '2019-05-17 13:30:36', '2019-05-17 13:30:36'),
(746, 6, NULL, '2019-05-17 13:30:36', '2019-05-17 13:30:36'),
(747, 6, NULL, '2019-05-17 13:30:36', '2019-05-17 13:30:36'),
(748, 6, NULL, '2019-05-17 13:30:36', '2019-05-17 13:30:36'),
(749, 6, NULL, '2019-05-17 13:30:36', '2019-05-17 13:30:36'),
(750, 6, NULL, '2019-05-17 13:30:36', '2019-05-17 13:30:36'),
(751, 6, NULL, '2019-05-17 13:30:36', '2019-05-17 13:30:36'),
(752, 6, NULL, '2019-05-17 13:30:36', '2019-05-17 13:30:36'),
(753, 6, NULL, '2019-05-17 13:30:36', '2019-05-17 13:30:36'),
(754, 6, NULL, '2019-05-17 13:30:36', '2019-05-17 13:30:36'),
(755, 6, NULL, '2019-05-17 13:30:36', '2019-05-17 13:30:36'),
(756, 6, NULL, '2019-05-17 13:30:36', '2019-05-17 13:30:36'),
(757, 6, NULL, '2019-05-17 13:30:36', '2019-05-17 13:30:36'),
(758, 6, NULL, '2019-05-17 13:30:36', '2019-05-17 13:30:36'),
(759, 6, NULL, '2019-05-17 13:30:36', '2019-05-17 13:30:36'),
(760, 6, NULL, '2019-05-17 13:30:36', '2019-05-17 13:30:36'),
(761, 6, NULL, '2019-05-17 13:30:36', '2019-05-17 13:30:36'),
(762, 6, NULL, '2019-05-17 13:30:36', '2019-05-17 13:30:36'),
(763, 6, NULL, '2019-05-17 13:30:36', '2019-05-17 13:30:36'),
(764, 6, NULL, '2019-05-17 13:30:36', '2019-05-17 13:30:36'),
(765, 6, NULL, '2019-05-17 13:30:36', '2019-05-17 13:30:36'),
(766, 6, NULL, '2019-05-17 13:30:36', '2019-05-17 13:30:36'),
(767, 6, NULL, '2019-05-17 13:30:36', '2019-05-17 13:30:36'),
(768, 6, NULL, '2019-05-17 13:30:36', '2019-05-17 13:30:36'),
(769, 6, NULL, '2019-05-17 13:30:36', '2019-05-17 13:30:36'),
(770, 6, NULL, '2019-05-17 13:30:36', '2019-05-17 13:30:36'),
(771, 6, NULL, '2019-05-17 13:30:36', '2019-05-17 13:30:36'),
(772, 6, NULL, '2019-05-17 13:30:36', '2019-05-17 13:30:36'),
(773, 6, NULL, '2019-05-17 13:30:36', '2019-05-17 13:30:36'),
(774, 6, NULL, '2019-05-17 13:30:36', '2019-05-17 13:30:36'),
(775, 6, NULL, '2019-05-17 13:30:36', '2019-05-17 13:30:36'),
(776, 6, NULL, '2019-05-17 13:30:36', '2019-05-17 13:30:36'),
(777, 6, NULL, '2019-05-17 13:30:36', '2019-05-17 13:30:36'),
(778, 6, NULL, '2019-05-17 13:30:36', '2019-05-17 13:30:36'),
(779, 6, NULL, '2019-05-17 13:30:36', '2019-05-17 13:30:36'),
(780, 6, NULL, '2019-05-17 13:30:36', '2019-05-17 13:30:36'),
(781, 6, NULL, '2019-05-17 13:30:36', '2019-05-17 13:30:36'),
(782, 6, NULL, '2019-05-17 13:30:36', '2019-05-17 13:30:36'),
(783, 6, NULL, '2019-05-17 13:30:36', '2019-05-17 13:30:36'),
(784, 6, NULL, '2019-05-17 13:30:36', '2019-05-17 13:30:36'),
(785, 6, NULL, '2019-05-17 13:30:36', '2019-05-17 13:30:36'),
(786, 6, NULL, '2019-05-17 13:30:36', '2019-05-17 13:30:36'),
(787, 6, NULL, '2019-05-17 13:30:36', '2019-05-17 13:30:36'),
(788, 6, NULL, '2019-05-17 13:30:36', '2019-05-17 13:30:36'),
(789, 6, NULL, '2019-05-17 13:32:04', '2019-05-17 13:32:04'),
(790, 6, NULL, '2019-05-17 13:32:04', '2019-05-17 13:32:04'),
(791, 6, NULL, '2019-05-17 13:32:04', '2019-05-17 13:32:04'),
(792, 6, NULL, '2019-05-17 13:32:04', '2019-05-17 13:32:04'),
(793, 6, NULL, '2019-05-17 13:32:04', '2019-05-17 13:32:04'),
(794, 6, NULL, '2019-05-17 13:32:04', '2019-05-17 13:32:04'),
(795, 6, NULL, '2019-05-17 13:32:04', '2019-05-17 13:32:04'),
(796, 6, NULL, '2019-05-17 13:32:04', '2019-05-17 13:32:04'),
(797, 6, NULL, '2019-05-17 13:32:04', '2019-05-17 13:32:04'),
(798, 6, NULL, '2019-05-17 13:32:04', '2019-05-17 13:32:04'),
(799, 6, NULL, '2019-05-17 13:32:04', '2019-05-17 13:32:04'),
(800, 6, NULL, '2019-05-17 13:32:04', '2019-05-17 13:32:04'),
(801, 6, NULL, '2019-05-17 13:32:04', '2019-05-17 13:32:04'),
(802, 6, NULL, '2019-05-17 13:32:04', '2019-05-17 13:32:04'),
(803, 6, NULL, '2019-05-17 13:32:04', '2019-05-17 13:32:04'),
(804, 6, NULL, '2019-05-17 13:32:04', '2019-05-17 13:32:04'),
(805, 6, NULL, '2019-05-17 13:32:04', '2019-05-17 13:32:04'),
(806, 6, NULL, '2019-05-17 13:32:04', '2019-05-17 13:32:04'),
(807, 6, NULL, '2019-05-17 13:32:04', '2019-05-17 13:32:04'),
(808, 6, NULL, '2019-05-17 13:32:04', '2019-05-17 13:32:04'),
(809, 6, NULL, '2019-05-17 13:32:04', '2019-05-17 13:32:04'),
(810, 6, NULL, '2019-05-17 13:32:04', '2019-05-17 13:32:04'),
(811, 6, NULL, '2019-05-17 13:32:04', '2019-05-17 13:32:04'),
(812, 6, NULL, '2019-05-17 13:32:04', '2019-05-17 13:32:04'),
(813, 6, NULL, '2019-05-17 13:32:04', '2019-05-17 13:32:04'),
(814, 6, NULL, '2019-05-17 13:32:04', '2019-05-17 13:32:04'),
(815, 6, NULL, '2019-05-17 13:32:04', '2019-05-17 13:32:04'),
(816, 6, NULL, '2019-05-17 13:32:04', '2019-05-17 13:32:04'),
(817, 6, NULL, '2019-05-17 13:32:04', '2019-05-17 13:32:04'),
(818, 6, NULL, '2019-05-17 13:32:04', '2019-05-17 13:32:04'),
(819, 6, NULL, '2019-05-17 13:32:04', '2019-05-17 13:32:04'),
(820, 6, NULL, '2019-05-17 13:32:04', '2019-05-17 13:32:04'),
(821, 6, NULL, '2019-05-17 13:32:04', '2019-05-17 13:32:04'),
(822, 6, NULL, '2019-05-17 13:32:04', '2019-05-17 13:32:04'),
(823, 6, NULL, '2019-05-17 13:32:04', '2019-05-17 13:32:04'),
(824, 6, NULL, '2019-05-17 13:32:04', '2019-05-17 13:32:04'),
(825, 6, NULL, '2019-05-17 13:32:04', '2019-05-17 13:32:04'),
(826, 6, NULL, '2019-05-17 13:32:04', '2019-05-17 13:32:04'),
(827, 6, NULL, '2019-05-17 13:32:04', '2019-05-17 13:32:04'),
(828, 6, NULL, '2019-05-17 13:32:04', '2019-05-17 13:32:04'),
(829, 6, NULL, '2019-05-17 13:32:04', '2019-05-17 13:32:04'),
(830, 6, NULL, '2019-05-17 13:32:04', '2019-05-17 13:32:04'),
(831, 6, NULL, '2019-05-17 13:32:04', '2019-05-17 13:32:04'),
(832, 6, NULL, '2019-05-17 13:32:04', '2019-05-17 13:32:04'),
(833, 6, NULL, '2019-05-17 13:32:04', '2019-05-17 13:32:04'),
(834, 6, NULL, '2019-05-17 13:32:04', '2019-05-17 13:32:04'),
(835, 6, NULL, '2019-05-17 13:32:04', '2019-05-17 13:32:04'),
(836, 6, NULL, '2019-05-17 13:32:04', '2019-05-17 13:32:04'),
(837, 6, NULL, '2019-05-17 13:32:04', '2019-05-17 13:32:04'),
(838, 6, NULL, '2019-05-17 13:32:04', '2019-05-17 13:32:04'),
(839, 6, NULL, '2019-05-17 13:32:04', '2019-05-17 13:32:04'),
(840, 6, NULL, '2019-05-17 13:32:04', '2019-05-17 13:32:04'),
(841, 6, NULL, '2019-05-17 13:32:04', '2019-05-17 13:32:04'),
(842, 6, NULL, '2019-05-17 13:32:04', '2019-05-17 13:32:04'),
(843, 6, NULL, '2019-05-17 13:32:04', '2019-05-17 13:32:04'),
(844, 6, NULL, '2019-05-17 13:32:04', '2019-05-17 13:32:04'),
(845, 6, NULL, '2019-05-17 13:32:04', '2019-05-17 13:32:04'),
(846, 6, NULL, '2019-05-17 13:32:04', '2019-05-17 13:32:04'),
(847, 6, NULL, '2019-05-17 13:32:04', '2019-05-17 13:32:04'),
(848, 6, NULL, '2019-05-17 13:32:04', '2019-05-17 13:32:04'),
(849, 6, NULL, '2019-05-17 13:32:04', '2019-05-17 13:32:04'),
(850, 6, NULL, '2019-05-17 13:32:04', '2019-05-17 13:32:04'),
(851, 6, NULL, '2019-05-17 13:32:04', '2019-05-17 13:32:04'),
(852, 6, NULL, '2019-05-17 13:32:04', '2019-05-17 13:32:04'),
(853, 6, NULL, '2019-05-17 13:32:04', '2019-05-17 13:32:04'),
(854, 6, NULL, '2019-05-17 13:32:04', '2019-05-17 13:32:04'),
(855, 318, NULL, '2019-05-24 08:06:55', '2019-05-24 08:06:55'),
(856, 318, NULL, '2019-05-24 08:06:55', '2019-05-24 08:06:55'),
(857, 318, NULL, '2019-05-24 08:06:55', '2019-05-24 08:06:55'),
(858, 358, 235, '2019-05-28 01:15:37', '2019-05-28 01:15:37'),
(859, 359, 375, '2019-05-28 01:54:43', '2019-05-28 01:54:43'),
(860, 360, 375, '2019-05-28 01:55:24', '2019-05-28 01:55:24'),
(861, 361, 375, '2019-06-08 11:48:43', '2019-06-08 11:48:43'),
(862, 318, NULL, '2019-06-08 20:45:06', '2019-06-08 20:45:06'),
(863, 318, NULL, '2019-06-08 20:45:06', '2019-06-08 20:45:06'),
(864, 318, NULL, '2019-06-08 20:45:06', '2019-06-08 20:45:06'),
(865, 318, NULL, '2019-06-08 21:14:40', '2019-06-08 21:14:40'),
(866, 318, NULL, '2019-06-08 21:14:40', '2019-06-08 21:14:40'),
(867, 318, NULL, '2019-06-08 21:14:40', '2019-06-08 21:14:40'),
(868, 318, NULL, '2019-06-08 21:31:48', '2019-06-08 21:31:48'),
(869, 318, NULL, '2019-06-08 21:31:48', '2019-06-08 21:31:48'),
(870, 318, NULL, '2019-06-08 21:31:48', '2019-06-08 21:31:48'),
(871, 318, NULL, '2019-06-08 21:59:57', '2019-06-08 21:59:57'),
(872, 318, NULL, '2019-06-08 21:59:57', '2019-06-08 21:59:57'),
(873, 318, NULL, '2019-06-08 21:59:57', '2019-06-08 21:59:57'),
(874, 318, NULL, '2019-06-08 22:02:20', '2019-06-08 22:02:20'),
(875, 318, NULL, '2019-06-08 22:02:20', '2019-06-08 22:02:20'),
(876, 318, NULL, '2019-06-08 22:02:20', '2019-06-08 22:02:20'),
(877, 318, NULL, '2019-06-08 22:15:02', '2019-06-08 22:15:02'),
(878, 318, NULL, '2019-06-08 22:15:02', '2019-06-08 22:15:02'),
(879, 318, NULL, '2019-06-08 22:15:02', '2019-06-08 22:15:02'),
(880, 318, NULL, '2019-06-08 22:36:23', '2019-06-08 22:36:23'),
(881, 318, NULL, '2019-06-08 22:36:23', '2019-06-08 22:36:23'),
(882, 318, NULL, '2019-06-08 22:36:23', '2019-06-08 22:36:23'),
(883, 318, NULL, '2019-06-08 23:00:23', '2019-06-08 23:00:23'),
(884, 318, NULL, '2019-06-08 23:00:23', '2019-06-08 23:00:23'),
(885, 318, NULL, '2019-06-08 23:00:23', '2019-06-08 23:00:23'),
(886, 318, NULL, '2019-06-08 23:13:31', '2019-06-08 23:13:31'),
(887, 318, NULL, '2019-06-08 23:13:31', '2019-06-08 23:13:31'),
(888, 318, NULL, '2019-06-08 23:13:31', '2019-06-08 23:13:31'),
(889, 318, NULL, '2019-06-09 07:31:32', '2019-06-09 07:31:32'),
(890, 318, NULL, '2019-06-09 07:31:32', '2019-06-09 07:31:32'),
(891, 318, NULL, '2019-06-09 07:31:32', '2019-06-09 07:31:32'),
(892, 318, NULL, '2019-06-09 10:34:31', '2019-06-09 10:34:31'),
(893, 318, NULL, '2019-06-09 10:34:31', '2019-06-09 10:34:31'),
(894, 318, NULL, '2019-06-09 10:34:31', '2019-06-09 10:34:31'),
(895, 318, NULL, '2019-06-09 11:43:16', '2019-06-09 11:43:16'),
(896, 318, NULL, '2019-06-09 11:43:16', '2019-06-09 11:43:16'),
(897, 318, NULL, '2019-06-09 11:43:16', '2019-06-09 11:43:16'),
(898, 318, NULL, '2019-06-09 11:48:03', '2019-06-09 11:48:03'),
(899, 318, NULL, '2019-06-09 11:48:03', '2019-06-09 11:48:03'),
(900, 318, NULL, '2019-06-09 11:48:03', '2019-06-09 11:48:03'),
(901, 318, NULL, '2019-06-09 11:50:39', '2019-06-09 11:50:39'),
(902, 318, NULL, '2019-06-09 11:50:39', '2019-06-09 11:50:39'),
(903, 318, NULL, '2019-06-09 11:50:39', '2019-06-09 11:50:39'),
(904, 318, NULL, '2019-06-09 11:53:32', '2019-06-09 11:53:32'),
(905, 318, NULL, '2019-06-09 11:53:32', '2019-06-09 11:53:32'),
(906, 318, NULL, '2019-06-09 11:53:32', '2019-06-09 11:53:32'),
(907, 318, NULL, '2019-06-09 11:54:42', '2019-06-09 11:54:42'),
(908, 318, NULL, '2019-06-09 11:54:42', '2019-06-09 11:54:42'),
(909, 318, NULL, '2019-06-09 11:54:42', '2019-06-09 11:54:42'),
(910, 318, NULL, '2019-06-09 12:04:13', '2019-06-09 12:04:13'),
(911, 318, NULL, '2019-06-09 12:04:13', '2019-06-09 12:04:13'),
(912, 318, NULL, '2019-06-09 12:04:13', '2019-06-09 12:04:13'),
(913, 318, NULL, '2019-06-09 12:05:08', '2019-06-09 12:05:08'),
(914, 318, NULL, '2019-06-09 12:05:08', '2019-06-09 12:05:08'),
(915, 318, NULL, '2019-06-09 12:05:08', '2019-06-09 12:05:08'),
(916, 318, NULL, '2019-06-09 12:06:13', '2019-06-09 12:06:13'),
(917, 318, NULL, '2019-06-09 12:06:13', '2019-06-09 12:06:13'),
(918, 318, NULL, '2019-06-09 12:06:13', '2019-06-09 12:06:13'),
(919, 318, NULL, '2019-06-09 12:08:32', '2019-06-09 12:08:32'),
(920, 318, NULL, '2019-06-09 12:08:32', '2019-06-09 12:08:32'),
(921, 318, NULL, '2019-06-09 12:08:32', '2019-06-09 12:08:32'),
(922, 318, NULL, '2019-06-09 12:13:14', '2019-06-09 12:13:14'),
(923, 318, NULL, '2019-06-09 12:13:14', '2019-06-09 12:13:14'),
(924, 318, NULL, '2019-06-09 12:13:14', '2019-06-09 12:13:14'),
(925, 318, NULL, '2019-06-09 12:15:04', '2019-06-09 12:15:04'),
(926, 318, NULL, '2019-06-09 12:15:04', '2019-06-09 12:15:04'),
(927, 318, NULL, '2019-06-09 12:15:04', '2019-06-09 12:15:04'),
(928, 318, 420, '2019-06-09 12:17:59', '2019-06-09 12:17:59'),
(929, 318, 420, '2019-06-09 12:17:59', '2019-06-09 12:17:59'),
(930, 318, 420, '2019-06-09 12:17:59', '2019-06-09 12:17:59'),
(931, 318, 480, '2019-06-12 21:43:17', '2019-06-12 21:43:17'),
(932, 318, 480, '2019-06-12 21:43:17', '2019-06-12 21:43:17'),
(933, 318, 480, '2019-06-12 21:43:17', '2019-06-12 21:43:17'),
(934, 363, 235, '2019-06-12 22:19:25', '2019-06-12 22:19:25'),
(935, 364, 235, '2019-06-12 22:19:59', '2019-06-12 22:19:59');

-- --------------------------------------------------------

--
-- Table structure for table `equipments`
--

CREATE TABLE `equipments` (
  `id` int(10) UNSIGNED NOT NULL,
  `title` varchar(45) DEFAULT NULL,
  `count` int(11) DEFAULT NULL,
  `created_at` timestamp NULL DEFAULT NULL,
  `updated_at` timestamp NULL DEFAULT NULL
) ENGINE=InnoDB DEFAULT CHARSET=utf8;

--
-- Dumping data for table `equipments`
--

INSERT INTO `equipments` (`id`, `title`, `count`, `created_at`, `updated_at`) VALUES
(1, 'In.', 181, '2019-04-20 16:29:55', '2019-04-20 16:29:55'),
(2, 'Quo qui.', 77, '2019-04-20 16:30:44', '2019-04-20 16:30:44'),
(3, 'Qui.', 150, '2019-04-20 16:44:07', '2019-04-20 16:44:07'),
(4, 'Repellat.', 151, '2019-04-20 16:50:20', '2019-04-20 16:50:20'),
(5, 'Dolores.', 137, '2019-04-20 17:06:17', '2019-04-20 17:06:17'),
(6, 'Eligendi.', 109, '2019-04-20 17:14:52', '2019-04-20 17:14:52'),
(7, 'Ab.', 37, '2019-04-20 17:15:17', '2019-04-20 17:15:17'),
(8, 'Sunt.', 68, '2019-04-20 18:42:47', '2019-04-20 18:42:47'),
(9, 'Natus.', 75, '2019-04-20 18:44:34', '2019-04-20 18:44:34'),
(10, 'Corporis.', 154, '2019-04-20 20:58:01', '2019-04-20 20:58:01'),
(11, 'Fugit.', 123, '2019-04-20 21:00:24', '2019-04-20 21:00:24'),
(12, 'Ut.', 186, '2019-04-20 21:00:38', '2019-04-20 21:00:38'),
(13, 'Eum qui.', 172, '2019-04-20 21:01:19', '2019-04-20 21:01:19'),
(14, 'Quia.', 144, '2019-04-20 21:04:02', '2019-04-20 21:04:02'),
(15, 'Enim id.', 192, '2019-04-20 21:04:14', '2019-04-20 21:04:14'),
(16, 'Dolores.', 45, '2019-04-20 21:08:05', '2019-04-20 21:08:05'),
(17, 'Et aut ad.', 39, '2019-04-20 21:12:11', '2019-04-20 21:12:11'),
(18, 'Est amet.', 154, '2019-04-20 21:13:35', '2019-04-20 21:13:35'),
(19, 'Accusamus.', 25, '2019-04-20 21:14:42', '2019-04-20 21:14:42'),
(20, 'Corrupti.', 144, '2019-04-20 21:21:45', '2019-04-20 21:21:45'),
(21, 'Rerum sed.', 112, '2019-04-20 21:22:26', '2019-04-20 21:22:26'),
(22, 'Dolorem.', 50, '2019-04-20 21:24:27', '2019-04-20 21:24:27'),
(23, 'Est.', 164, '2019-04-20 21:32:53', '2019-04-20 21:32:53');

-- --------------------------------------------------------

--
-- Table structure for table `equipment_gym`
--

CREATE TABLE `equipment_gym` (
  `id` int(10) UNSIGNED NOT NULL,
  `gym_id` int(10) UNSIGNED DEFAULT NULL,
  `equipment_id` int(10) UNSIGNED DEFAULT NULL,
  `count_equipment` int(11) DEFAULT NULL,
  `created_at` timestamp NULL DEFAULT NULL,
  `updated_at` timestamp NULL DEFAULT NULL
) ENGINE=InnoDB DEFAULT CHARSET=utf8;

--
-- Dumping data for table `equipment_gym`
--

INSERT INTO `equipment_gym` (`id`, `gym_id`, `equipment_id`, `count_equipment`, `created_at`, `updated_at`) VALUES
(19, NULL, 14, 93, '2019-04-20 21:04:02', '2019-04-20 21:04:02'),
(20, NULL, 15, 72, '2019-04-20 21:04:14', '2019-04-20 21:04:14'),
(21, NULL, 16, 103, '2019-04-20 21:08:05', '2019-04-20 21:08:05'),
(22, NULL, 17, 146, '2019-04-20 21:12:11', '2019-04-20 21:12:11'),
(23, NULL, 18, 77, '2019-04-20 21:13:35', '2019-04-20 21:13:35'),
(24, NULL, 19, 69, '2019-04-20 21:14:42', '2019-04-20 21:14:42'),
(25, NULL, 20, 13, '2019-04-20 21:21:45', '2019-04-20 21:21:45'),
(26, NULL, 21, 106, '2019-04-20 21:22:26', '2019-04-20 21:22:26'),
(27, NULL, 22, 29, '2019-04-20 21:24:27', '2019-04-20 21:24:27'),
(28, NULL, 23, 103, '2019-04-20 21:32:53', '2019-04-20 21:32:53');

-- --------------------------------------------------------

--
-- Table structure for table `gyms`
--

CREATE TABLE `gyms` (
  `id` int(10) UNSIGNED NOT NULL,
  `title` varchar(255) DEFAULT NULL,
  `slug` varchar(255) DEFAULT NULL,
  `number` int(11) DEFAULT NULL,
  `created_at` timestamp NULL DEFAULT NULL,
  `updated_at` timestamp NULL DEFAULT NULL
) ENGINE=InnoDB DEFAULT CHARSET=utf8;

--
-- Dumping data for table `gyms`
--

INSERT INTO `gyms` (`id`, `title`, `slug`, `number`, `created_at`, `updated_at`) VALUES
(1, 'Et rerum porro ad repellendus eos dignissimos. Fuga corrupti qui amet et error non.', '', 100, '2019-04-20 16:28:41', '2019-04-20 16:28:41'),
(2, 'Debitis optio eaque sapiente quo. Impedit in itaque magni nesciunt. Non dolorem nemo est non nihil.', '', 101, '2019-04-20 16:29:55', '2019-04-20 16:29:55'),
(3, 'Odio nihil dolorum sit. Voluptatem rerum vel dolor quam. Est eligendi eius sunt dolor.', '', 102, '2019-04-20 16:30:44', '2019-04-20 16:30:44'),
(4, 'Enim occaecati eum consectetur quis aut rerum. Soluta totam est ut sapiente dolores enim molestiae.', '', 103, '2019-04-20 16:44:07', '2019-04-20 16:44:07'),
(5, 'Ullam officiis temporibus deleniti. Est aperiam quidem ex. Dolor libero ut ratione qui.', '', 104, '2019-04-20 16:50:20', '2019-04-20 16:50:20'),
(6, 'Pariatur quia quidem atque. Est recusandae est voluptatibus assumenda qui et.', '', 105, '2019-04-20 17:06:17', '2019-04-20 17:06:17'),
(7, 'Non minus eum labore pariatur. Error nihil sequi sit voluptates vel quia totam.', '', 106, '2019-04-20 17:14:52', '2019-04-20 17:14:52'),
(8, 'Numquam et velit voluptas sint. Eum mollitia tenetur omnis mollitia alias dicta consequatur.', '', 107, '2019-04-20 17:15:17', '2019-04-20 17:15:17'),
(9, 'Aut nihil aperiam perferendis doloribus consequatur. Tempore quia et sint.', '', 108, '2019-04-20 18:42:47', '2019-04-20 18:42:47');

-- --------------------------------------------------------

--
-- Table structure for table `migrations`
--

CREATE TABLE `migrations` (
  `id` int(10) UNSIGNED NOT NULL,
  `migration` varchar(255) NOT NULL,
  `batch` int(11) NOT NULL
) ENGINE=InnoDB DEFAULT CHARSET=utf8;

--
-- Dumping data for table `migrations`
--

INSERT INTO `migrations` (`id`, `migration`, `batch`) VALUES
(1, '2019_04_20_145152_create_binaryfile_user_table', 1),
(2, '2019_04_20_145152_create_binaryfiles_table', 1),
(3, '2019_04_20_145152_create_card_user_table', 1),
(4, '2019_04_20_145152_create_cards_table', 1),
(5, '2019_04_20_145152_create_content_user_table', 1),
(6, '2019_04_20_145152_create_contents_table', 1),
(7, '2019_04_20_145152_create_equipment_gym_table', 1),
(8, '2019_04_20_145152_create_equipments_table', 1),
(9, '2019_04_20_145152_create_gyms_table', 1),
(10, '2019_04_20_145152_create_personalinfos_table', 1),
(11, '2019_04_20_145152_create_roles_table', 1),
(12, '2019_04_20_145152_create_sections_table', 1),
(13, '2019_04_20_145152_create_shedule_user_table', 1),
(14, '2019_04_20_145152_create_shedules_table', 1),
(15, '2019_04_20_145152_create_trainingtimes_table', 1),
(16, '2019_04_20_145152_create_users_table', 1),
(17, '2014_10_12_100000_create_password_resets_table', 2),
(18, '2019_04_20_145153_add_foreign_keys_to_binaryfile_user_table', 3),
(19, '2019_04_20_145153_add_foreign_keys_to_card_user_table', 3),
(20, '2019_04_20_145153_add_foreign_keys_to_content_user_table', 3),
(21, '2019_04_20_145153_add_foreign_keys_to_equipment_gym_table', 3),
(22, '2019_04_20_145153_add_foreign_keys_to_shedule_user_table', 3),
(23, '2019_04_20_145153_add_foreign_keys_to_shedules_table', 3),
(24, '2019_04_20_145153_add_foreign_keys_to_users_table', 3);

-- --------------------------------------------------------

--
-- Table structure for table `password_resets`
--

CREATE TABLE `password_resets` (
  `email` varchar(255) NOT NULL,
  `token` varchar(255) NOT NULL,
  `created_at` timestamp NULL DEFAULT NULL
) ENGINE=InnoDB DEFAULT CHARSET=utf8;

--
-- Dumping data for table `password_resets`
--

INSERT INTO `password_resets` (`email`, `token`, `created_at`) VALUES
('solnce52004@yandex.ru', '$2y$10$KXBDuwknlyMZcdbTbsjo6u855HcGVwE6gW7.auk8yKQDOJ4y9MBVK', '2019-05-13 06:42:13'),
('m-a-grigoreva@yandex.ru', '$2y$10$Bu5LA0gIuQuHjBpZNX1gNu5MLPaGp92rfIjUkKLhza4cVHjz9Eub6', '2019-05-13 07:03:35'),
('m-a-grigorieva@yandex.ru', '$2y$10$ObJ2Dph03iF8d1okJBapPeFku5tiQCbSfKDUjntQ/I8Ve4yQODSmi', '2019-05-13 09:25:34');

-- --------------------------------------------------------

--
-- Table structure for table `personalinfos`
--

CREATE TABLE `personalinfos` (
  `id` int(10) UNSIGNED NOT NULL,
  `login` varchar(255) DEFAULT NULL,
  `name` varchar(255) DEFAULT NULL,
  `surname` varchar(255) DEFAULT NULL,
  `middle_name` varchar(255) DEFAULT NULL,
  `email` varchar(255) DEFAULT NULL,
  `telephone` varchar(255) DEFAULT NULL,
  `birthdate` date DEFAULT NULL,
  `text` varchar(255) DEFAULT NULL,
  `created_at` timestamp NULL DEFAULT NULL,
  `updated_at` timestamp NULL DEFAULT NULL
) ENGINE=InnoDB DEFAULT CHARSET=utf8;

--
-- Dumping data for table `personalinfos`
--

INSERT INTO `personalinfos` (`id`, `login`, `name`, `surname`, `middle_name`, `email`, `telephone`, `birthdate`, `text`, `created_at`, `updated_at`) VALUES
(3, 'Eligendi.', NULL, 'Кошелевна', 'xxvxvccv', 'zlata.gorbunov@example.com', '(35222) 31-5539', '2008-10-26', 'Hic aliquid vel voluptatum qui consectetur possimus. Id dolorem ut ea.', '2019-04-20 16:12:56', '2019-05-16 12:25:03'),
(4, 'Amet qui.', 'Щукин Эрик Романович', 'Кошелев', 'Вадим', 'taisia.noskov@gmail.com', '(812) 548-35-55', '2016-12-27', 'Repellat officiis minus est delectus earum optio fugit. Ab possimus minus ut provident.', '2019-04-20 16:12:56', '2019-04-20 16:12:56'),
(5, 'Rem rerum.', 'Матвей Фёдорович Молчанов', 'Зуев', 'Август', 'lubov.medvedev@mail.ru', '8-800-070-5198', '1975-11-18', 'A dignissimos voluptas minus earum. Mollitia nihil porro laborum nostrum aut.', '2019-04-20 16:12:56', '2019-04-20 16:12:56'),
(6, 'Nihil qui.', 'Василиса Львовна Сазонова', 'Бобылёв', 'Ярослав', 'lkornilov@rambler.ru', '8-800-262-0900', '2013-03-16', 'Libero quam incidunt magnam et. Iusto corporis debitis ipsam atque in et et.', '2019-04-20 16:12:57', '2019-04-20 16:12:57'),
(7, 'Fugit.', 'Ершова Марина Сергеевна', 'Антонов', 'Вадим', 'voronov.aroslava@kirillov.net', '8-800-406-3343', '2016-06-01', 'Atque quis quidem itaque sit. Quos nulla voluptatibus enim laudantium eaque vero eligendi.', '2019-04-20 16:12:57', '2019-04-20 16:12:57'),
(8, 'Ut quo.', 'Вероника Фёдоровна Костина', 'Якушев', 'Иннокентий', 'vasilij.kiselev@mironov.ru', '(495) 681-0197', '2007-05-01', 'Qui ut ex exercitationem deleniti nihil. Quia architecto in sed dolores.', '2019-04-20 17:26:27', '2019-04-20 17:26:27'),
(9, 'Veniam.', 'Никита Дмитриевич Зайцев', 'Захаров', 'Альбина', 'ermakov.boris@bobylev.com', '(495) 162-2909', '2016-05-28', 'Nulla rem aut exercitationem vero quia. Sit numquam est modi hic est placeat.', '2019-04-20 17:26:27', '2019-04-20 17:26:27'),
(10, 'Molestias.', 'Феликс Евгеньевич Борисов', 'Комаров', 'Альбина', 'kapustin.david@yandex.ru', '(35222) 27-5859', '2013-10-07', 'Fugiat vitae porro inventore. Ut mollitia officia consequatur ex porro. Porro sapiente vero qui.', '2019-04-20 17:26:27', '2019-04-20 17:26:27'),
(11, 'Earum.', 'Копылова Валерия Романовна', 'Антонов', 'Олеся', 'dkalasnikov@gmail.com', '(812) 315-66-69', '1981-03-07', 'Vel repellat omnis qui natus nesciunt dolorem. Reprehenderit nihil non aliquid occaecati dolorem.', '2019-04-20 17:26:28', '2019-04-20 17:26:28'),
(12, 'Vero aut.', 'Клавдия Романовна Никитина', 'Зуев', 'Анна', 'kotov.lada@ya.ru', '+7 (922) 731-8284', '1974-11-02', 'Qui aut odit quibusdam ullam. Eveniet aliquam et ut quo.', '2019-04-20 17:26:28', '2019-04-20 17:26:28'),
(13, 'Deleniti.', 'Кононов Павел Львович', 'Афанасьев', 'Таисия', 'valentina03@mail.ru', '+7 (922) 038-9589', '1973-10-01', 'Et ratione accusamus et quo. Qui aut perferendis aut omnis.', '2019-04-20 17:51:09', '2019-04-20 17:51:09'),
(14, 'Ipsum est.', 'Рожкова Флорентина Евгеньевна', 'Мамонтов', 'Нонна', 'feliks07@list.ru', '8-800-972-6172', '1979-04-25', 'Optio ea sed praesentium. Animi rerum veniam in suscipit ea quia. Ut quo voluptatem odit omnis.', '2019-04-20 17:53:10', '2019-04-20 17:53:10'),
(15, 'Unde.', 'Алла Львовна Назарова', 'Никонов', 'Арсений', 'klim.seleznev@list.ru', '(495) 136-8105', '1987-05-16', 'Illum aperiam illum culpa ad voluptate. Illo ipsum qui ex.', '2019-04-20 17:54:35', '2019-04-20 17:54:35'),
(16, 'Sit fugit.', 'Сорокин Назар Романович', 'Лобанов', 'Дмитрий', 'kuznecov.vasilisa@dackov.com', '+7 (922) 976-4987', '2010-04-19', 'Eveniet et pariatur tempore iusto. Unde voluptas quaerat architecto explicabo.', '2019-04-20 17:55:16', '2019-04-20 17:55:16'),
(17, 'Ea.', 'Авдеева Алина Фёдоровна', 'Одинцов', 'Майя', 'ulana.bobrov@ya.ru', '8-800-483-5320', '1994-06-27', 'Aut quis temporibus reiciendis odit. Quae hic laudantium iusto. Cum harum neque assumenda ut.', '2019-04-20 17:55:32', '2019-04-20 17:55:32'),
(18, 'Unde.', 'Михаил Иванович Фролов', 'Белозёров', 'Нонна', 'zodincov@ya.ru', '(812) 747-37-37', '1986-12-04', 'Facilis quis provident vel ut temporibus enim. Natus ea quis hic. Quasi quos velit aut minima.', '2019-04-20 17:55:59', '2019-04-20 17:55:59'),
(19, 'Iure.', 'Таисия Андреевна Козлова', 'Архипов', 'Лилия', 'izabella.sestakov@narod.ru', '(495) 658-6238', '2018-07-21', 'Tempore culpa expedita architecto. Quod iusto possimus quia distinctio possimus eveniet ut.', '2019-04-20 17:57:20', '2019-04-20 17:57:20'),
(20, 'Qui.', 'Марат Иванович Шаров', 'Воронцов', 'Родион', 'medvedev.arkadij@petuhov.com', '(35222) 72-5008', '1975-02-21', 'Dolorem quisquam nisi id maiores. Aut at et sunt magni. Corrupti ea est ab quia aut.', '2019-04-20 17:59:01', '2019-04-20 17:59:01'),
(21, 'Fugit est.', 'Любовь', 'Сысоева', 'Львовна', 'klementina.sarapov@isaev.org', '(495) 795-8742', '2018-03-20', 'Animi et ipsum magnam qui. Et omnis et doloribus at voluptate qui. Sed labore ut occaecati qui.', '2019-04-20 17:59:51', '2019-04-20 17:59:51'),
(22, 'Magnam.', 'Евгений', 'Нестеров', 'Андреевич', 'fsarov@orlov.net', '8-800-572-7030', '2011-09-23', 'Veritatis alias eveniet dicta officia. Consequuntur id rerum qui voluptas suscipit.', '2019-04-20 17:59:51', '2019-04-20 17:59:51'),
(23, 'Quidem.', 'Ростислав', 'Никитин', 'Евгеньевич', 'vladlen.bobrov@narod.ru', '8-800-202-0849', '1975-05-09', 'Et ut voluptatem commodi. Voluptas eum debitis cupiditate nisi velit. Aut sunt quia illo aut in.', '2019-04-20 17:59:51', '2019-04-20 17:59:51'),
(24, 'Dolore.', 'Розалина', 'Рожкова', 'Владимировна', 'tit22@zimin.com', '(812) 208-45-63', '1980-11-04', 'Odio et odio blanditiis velit. Corrupti ea numquam mollitia harum.', '2019-04-20 17:59:51', '2019-04-20 17:59:51'),
(25, 'Autem et.', 'Клара', 'Шарапова', 'Романовна', 'milan50@ovcinnikov.ru', '(812) 987-22-69', '1989-05-26', 'Et consequatur est magni vel mollitia qui. Eaque quasi ipsam laboriosam magnam velit.', '2019-04-20 17:59:51', '2019-04-20 17:59:51'),
(26, 'Tempora.', 'Владимир', 'Наумов', 'Иосифович', 'm-a-grigoreva@yandex.ru', '8(922) 444-55-56', '1990-06-21', 'Totam quibusdam ex ad iure qui iure. Rerum nostrum tempora excepturi optio.', '2019-04-20 18:00:18', '2019-05-13 07:25:57'),
(27, 'Quo atque.', 'masha', 'Петрова', 'Петрова', 'm-a-grigorieva@yandex.ru', '867876876868', '2010-10-28', 'Vel odit laborum id quam. Consectetur exercitationem rem vitae est.', '2019-04-20 18:00:18', '2019-05-08 09:55:42'),
(28, 'Aut.', 'Антон Сергеевич Фадеев', 'Мельников', 'Август', 'nina42@cernov.ru', '+7 (922) 658-1257', '1974-01-29', 'Quo tenetur excepturi sit. Sint dolores quibusdam et aut. In assumenda nisi est nisi quo rerum.', '2019-04-20 18:00:18', '2019-04-20 18:00:18'),
(29, 'Cumque.', 'Цветков Донат Фёдорович', 'Беляков', 'Таисия', 'bogdanov.nonna@stepanov.net', '8-800-028-2739', '1973-10-16', 'Tempora culpa ex quo qui. Commodi omnis hic quo nihil vel. Enim qui mollitia officia.', '2019-04-20 18:00:18', '2019-04-20 18:00:18'),
(30, 'Fugit.', 'Кабанова Варвара Ивановна', 'Родионов', 'Арсений', 'kapitolina.panfilov@haritonov.ru', '(495) 846-3886', '1999-04-14', 'Ad eius occaecati dolor maiores. Temporibus ea non omnis. A iusto dolores non nesciunt.', '2019-04-20 18:00:18', '2019-04-20 18:00:18'),
(232, NULL, 'nvnvbvn', NULL, NULL, 'mashagrig@gmail.com', '7676', NULL, NULL, '2019-04-30 20:37:59', '2019-04-30 20:37:59'),
(233, NULL, 'mhmhhm', NULL, NULL, 'm-a-grigorieva@yandex.rufdd', '7676', NULL, NULL, '2019-04-30 20:40:03', '2019-04-30 20:40:03'),
(256, NULL, 'gchgc', NULL, NULL, 'cdc@ddvfvfbc', NULL, NULL, NULL, '2019-05-08 12:58:28', '2019-05-08 12:58:28'),
(257, 'тит', 'vbvb', 'Фамилия', 'Отчество', 'vfgfg@hgfh.hghgnbvn', NULL, NULL, NULL, '2019-05-08 13:00:56', '2019-05-08 13:00:56'),
(258, NULL, 'vhj', 'Фамилия', 'Отчество', 'mashagrig@gmail.comhgvjghjh', NULL, NULL, NULL, '2019-05-08 14:08:56', '2019-05-08 14:08:56'),
(259, NULL, 'vhjhjhj', 'Фамилия', 'Отчество', 'mashagrig@gmail.comhgvjghjhjhvjh', NULL, NULL, NULL, '2019-05-08 14:10:07', '2019-05-08 14:10:07'),
(260, NULL, 'vhjhjhjhjhjhj', 'Фамилия', 'Отчество', 'mashagrig@gmail.conhjh', NULL, NULL, NULL, '2019-05-08 14:11:57', '2019-05-08 14:11:57'),
(261, NULL, 'vhjjhfgjgjhjhj', 'Фамилия', 'Отчество', 'mashagrig@gmail.cojhjhh', NULL, NULL, NULL, '2019-05-08 14:13:20', '2019-05-08 14:13:20'),
(262, NULL, 'kjhmvvhmh', 'Фамилия', 'Отчество', 'vff@fg.drmnvmn', NULL, NULL, NULL, '2019-05-08 14:17:19', '2019-05-08 14:17:19'),
(263, NULL, 'kjhmkjkjvvhmh', 'Фамилия', 'Фамилия', 'vff@fg.drmhjjnvmn', NULL, NULL, NULL, '2019-05-08 14:18:10', '2019-05-08 14:22:57'),
(264, NULL, 'fgdfчдалмчда', 'ччдмлтыдатды', 'Отчестволчотлчо', 'x@v.fgxfvdfололv', '23423424ло', '2010-10-28', NULL, '2019-05-08 14:24:59', '2019-05-08 15:41:27'),
(265, NULL, 'орпо', NULL, NULL, 'nnN@ndgddg.jhjthkjkj', NULL, NULL, NULL, '2019-05-08 15:43:12', '2019-05-08 15:43:12'),
(266, NULL, 'nbnbn', NULL, NULL, 'vfgfg@hgfh.hghghghgg', NULL, NULL, NULL, '2019-05-08 18:28:42', '2019-05-08 18:28:42'),
(267, NULL, 'hgvhj', 'jhjh', NULL, 'hjhj2hjhj@Hjhj.kjjhjh', NULL, NULL, NULL, '2019-05-08 19:36:47', '2019-05-08 19:37:12'),
(268, NULL, 'Качок', 'Пресона', NULL, 'knjnj@nkjk.rgbrbkjkj', NULL, NULL, NULL, '2019-05-08 19:45:02', '2019-05-08 22:24:06'),
(269, NULL, 'ррр', NULL, NULL, 'hjhj2hjhj@Hjhj.kjgfjh', '8(787) 698-76-87', NULL, NULL, '2019-05-10 16:47:10', '2019-05-10 16:47:10'),
(270, NULL, 'new', NULL, NULL, 'solnce52004@yandex.ru', '8(876) 876-87-69', NULL, NULL, '2019-05-10 16:54:22', '2019-05-10 16:54:22'),
(271, NULL, 'masha', NULL, NULL, 'm-a-grigoreva@yandex.ruhjjhhj', NULL, NULL, NULL, '2019-05-10 21:28:50', '2019-05-10 21:28:50'),
(272, NULL, 'new', NULL, NULL, 'solnce52004@yandex.ru', '8(778) 768-76-87', NULL, NULL, '2019-05-11 05:20:41', '2019-05-11 05:20:41'),
(273, NULL, 'new', NULL, NULL, 'solnce52004@yandex.ru', '8(876) 876-87-68', NULL, NULL, '2019-05-11 05:39:39', '2019-05-11 05:39:39'),
(274, NULL, 'new', 'Иванов', NULL, 'solnce52004@yandex.ru', '8(765) 785-86-86', '2011-05-04', NULL, '2019-05-11 05:43:13', '2019-05-11 06:34:54'),
(275, NULL, 'new2', NULL, NULL, 'm-a-grigorieva@yandex.ru', NULL, NULL, NULL, '2019-05-11 18:10:57', '2019-05-11 18:10:57'),
(276, NULL, 'new2', NULL, NULL, 'm-a-grigorieva@yandex.ru', NULL, NULL, NULL, '2019-05-11 19:02:07', '2019-05-11 19:02:07'),
(277, NULL, 'new2', NULL, NULL, 'm-a-grigorieva@yandex.ru', NULL, NULL, NULL, '2019-05-11 19:17:11', '2019-05-11 19:17:11'),
(278, NULL, 'new2', NULL, NULL, 'm-a-grigorieva@yandex.ru', NULL, NULL, NULL, '2019-05-11 19:34:26', '2019-05-11 19:34:26'),
(279, NULL, 'new2', NULL, NULL, 'm-a-grigorieva@yandex.ru', NULL, NULL, NULL, '2019-05-11 19:48:16', '2019-05-11 19:48:16'),
(280, NULL, 'new2', NULL, NULL, 'm-a-grigorieva@yandex.ru', NULL, NULL, NULL, '2019-05-11 20:13:27', '2019-05-11 20:13:27'),
(281, NULL, 'new2', NULL, NULL, 'm-a-grigorieva@yandex.ru', NULL, NULL, NULL, '2019-05-11 20:32:31', '2019-05-11 20:32:31'),
(282, NULL, 'new2', NULL, NULL, 'm-a-grigorieva@yandex.ru', NULL, NULL, NULL, '2019-05-11 20:39:39', '2019-05-11 20:39:39'),
(283, NULL, 'new2', NULL, NULL, 'm-a-grigorieva@yandex.ru', NULL, NULL, NULL, '2019-05-11 20:42:50', '2019-05-11 20:42:50'),
(284, NULL, 'new2', NULL, NULL, 'm-a-grigorieva@yandex.ru', NULL, NULL, NULL, '2019-05-11 20:45:43', '2019-05-11 20:45:43'),
(285, NULL, 'new2', NULL, NULL, 'm-a-grigorieva@yandex.ru', NULL, NULL, NULL, '2019-05-11 20:48:03', '2019-05-11 20:48:03'),
(286, NULL, 'new2', NULL, NULL, 'm-a-grigorieva@yandex.ru', NULL, NULL, NULL, '2019-05-11 21:49:02', '2019-05-11 21:49:02'),
(287, NULL, 'new2', NULL, NULL, 'm-a-grigorieva@yandex.ru', NULL, NULL, NULL, '2019-05-11 21:51:44', '2019-05-11 21:51:44'),
(288, NULL, 'ttt', NULL, NULL, 'solnce52004@yandex.ru', NULL, NULL, NULL, '2019-05-11 23:07:39', '2019-05-11 23:07:39'),
(289, NULL, 'ttt', NULL, NULL, 'solnce52004@yandex.ru', NULL, NULL, NULL, '2019-05-11 23:10:25', '2019-05-11 23:10:25'),
(290, NULL, 'ttt', NULL, NULL, 'solnce52004@yandex.ru', NULL, NULL, NULL, '2019-05-11 23:12:00', '2019-05-11 23:12:00'),
(291, NULL, 'ttt', NULL, NULL, 'solnce52004@yandex.ru', NULL, NULL, NULL, '2019-05-11 23:15:17', '2019-05-11 23:15:17'),
(292, NULL, 'ttt', NULL, NULL, 'solnce52004@yandex.ru', NULL, NULL, NULL, '2019-05-11 23:15:48', '2019-05-11 23:15:48'),
(293, NULL, 'ttt', NULL, NULL, 'solnce52004@yandex.ru', NULL, NULL, NULL, '2019-05-11 23:19:12', '2019-05-11 23:19:12'),
(294, NULL, 'ttt', NULL, NULL, 'solnce52004@yandex.ru', NULL, NULL, NULL, '2019-05-11 23:23:21', '2019-05-11 23:23:21'),
(295, NULL, 'nnn', NULL, NULL, 'kjbkj@jhk.jhvjuigiu', NULL, NULL, NULL, '2019-05-11 23:51:26', '2019-05-11 23:51:26'),
(296, NULL, 'sd', NULL, NULL, 'vfgfg@h76767gfh.hghg76767hghggsvsv', NULL, NULL, NULL, '2019-05-11 23:55:30', '2019-05-12 00:52:22'),
(297, NULL, 'new', NULL, NULL, 'm-a-grigorieva@yandex.ru', NULL, NULL, NULL, '2019-05-12 21:22:31', '2019-05-12 21:22:31'),
(298, NULL, 'new', NULL, NULL, 'm-a-grigorieva@yandex.ru', NULL, NULL, NULL, '2019-05-12 21:24:43', '2019-05-12 21:24:43'),
(299, NULL, 'new', NULL, NULL, 'm-a-grigorieva@yandex.ru', NULL, NULL, NULL, '2019-05-12 21:37:10', '2019-05-12 21:37:10'),
(300, NULL, 'new', NULL, NULL, 'm-a-grigorieva@yandex.ru', NULL, NULL, NULL, '2019-05-12 21:44:14', '2019-05-12 21:44:14'),
(301, NULL, 'new', NULL, NULL, 'm-a-grigorieva@yandex.ru', NULL, NULL, NULL, '2019-05-12 21:48:19', '2019-05-12 21:48:19'),
(302, NULL, 'new', NULL, NULL, 'm-a-grigorieva@yandex.ru', NULL, NULL, NULL, '2019-05-12 22:06:54', '2019-05-12 22:06:54'),
(303, NULL, 'new', NULL, NULL, 'm-a-grigorieva@yandex.ru', NULL, NULL, NULL, '2019-05-12 22:26:38', '2019-05-12 22:26:38'),
(304, NULL, 'new', NULL, NULL, 'm-a-grigorieva@yandex.ru', NULL, NULL, NULL, '2019-05-12 22:48:15', '2019-05-12 22:48:15'),
(305, NULL, 'new', NULL, NULL, 'm-a-grigorieva@yandex.ru', NULL, NULL, NULL, '2019-05-12 23:25:13', '2019-05-12 23:25:13'),
(306, NULL, 'new', NULL, NULL, 'm-a-grigorieva@yandex.ru', NULL, NULL, NULL, '2019-05-12 23:59:30', '2019-05-12 23:59:30'),
(307, NULL, 'new', NULL, NULL, 'm-a-grigorieva@yandex.ru', NULL, NULL, NULL, '2019-05-13 00:01:31', '2019-05-13 00:01:31'),
(308, NULL, 'new', NULL, NULL, 'm-a-grigorieva@yandex.ru', NULL, NULL, NULL, '2019-05-13 00:11:44', '2019-05-13 00:11:44'),
(309, NULL, 'new', NULL, NULL, 'm-a-grigorieva@yandex.ru', NULL, NULL, NULL, '2019-05-13 00:12:36', '2019-05-13 00:12:36'),
(310, NULL, 'new', NULL, NULL, 'm-a-grigorieva@yandex.ru', NULL, NULL, NULL, '2019-05-13 00:17:33', '2019-05-13 00:17:33'),
(311, NULL, 'new', NULL, NULL, 'm-a-grigorieva@yandex.ru', NULL, NULL, NULL, '2019-05-13 00:23:56', '2019-05-13 00:23:56'),
(312, NULL, 'new', NULL, NULL, 'solnce52004@yandex.ru', NULL, NULL, NULL, '2019-05-13 06:36:55', '2019-05-13 06:36:55'),
(313, NULL, 'new', NULL, NULL, 'solnce52004@yandex.ru', NULL, NULL, NULL, '2019-05-13 14:47:22', '2019-05-13 17:32:39'),
(314, NULL, 'new', NULL, NULL, 'solnce52004@yandex.ru', NULL, NULL, NULL, '2019-05-13 17:34:08', '2019-05-13 17:34:08'),
(315, NULL, 'new', NULL, NULL, 'solnce52004@yandex.ru', NULL, NULL, NULL, '2019-05-14 13:38:42', '2019-05-14 13:38:42'),
(316, NULL, 'new', NULL, NULL, 'solnce52004@yandex.ru', NULL, NULL, NULL, '2019-05-14 14:05:19', '2019-05-14 14:05:19'),
(317, NULL, 'new', NULL, NULL, 'solnce52004@yandex.ru', NULL, NULL, NULL, '2019-05-14 18:06:09', '2019-05-14 18:06:09'),
(318, NULL, 'new', NULL, NULL, 'solnce52004@yandex.ru', NULL, NULL, NULL, '2019-05-14 19:19:41', '2019-05-14 19:19:41'),
(319, NULL, 'new', NULL, NULL, 'solnce52004@yandex.ru', NULL, NULL, NULL, '2019-05-14 19:48:04', '2019-05-14 19:48:04'),
(320, NULL, 'new', NULL, NULL, 'solnce52004@yandex.ru', NULL, NULL, NULL, '2019-05-14 19:49:17', '2019-05-14 19:49:17'),
(321, NULL, 'new', NULL, NULL, 'solnce52004@yandex.ru', NULL, NULL, NULL, '2019-05-14 19:53:43', '2019-05-14 19:53:43'),
(322, NULL, 'new', NULL, NULL, 'solnce52004@yandex.ru', NULL, NULL, NULL, '2019-05-14 19:57:47', '2019-05-14 19:57:47'),
(323, NULL, 'new', NULL, NULL, 'solnce52004@yandex.ru', NULL, NULL, NULL, '2019-05-14 20:00:09', '2019-05-14 20:00:09'),
(324, NULL, 'new', NULL, NULL, 'solnce52004@yandex.ru', NULL, NULL, NULL, '2019-05-14 20:02:13', '2019-05-14 20:02:13'),
(325, NULL, 'new', NULL, NULL, 'solnce52004@yandex.ru', NULL, NULL, NULL, '2019-05-14 20:19:21', '2019-05-14 20:19:21'),
(326, NULL, 'new', NULL, NULL, 'solnce52004@yandex.ru', NULL, NULL, NULL, '2019-05-14 20:39:05', '2019-05-14 20:39:05'),
(327, NULL, 'new', NULL, NULL, 'solnce52004@yandex.ru', NULL, NULL, NULL, '2019-05-14 20:48:18', '2019-05-14 20:48:18'),
(328, NULL, 'new', NULL, NULL, 'solnce52004@yandex.ru', NULL, NULL, NULL, '2019-05-14 20:51:37', '2019-05-14 20:51:37'),
(329, NULL, 'new', NULL, NULL, 'solnce52004@yandex.ru', NULL, NULL, NULL, '2019-05-14 20:54:39', '2019-05-14 20:54:39'),
(330, NULL, 'new', NULL, NULL, 'solnce52004@yandex.ru', NULL, NULL, NULL, '2019-05-14 20:59:30', '2019-05-14 20:59:30'),
(331, NULL, 'new', NULL, NULL, 'solnce52004@yandex.ru', NULL, NULL, NULL, '2019-05-14 21:11:46', '2019-05-14 21:11:46'),
(332, NULL, 'new', NULL, NULL, 'solnce52004@yandex.ru', NULL, NULL, NULL, '2019-05-14 21:14:12', '2019-05-14 21:14:12'),
(333, NULL, 'new', NULL, NULL, 'solnce52004@yandex.ru', NULL, NULL, NULL, '2019-05-14 21:21:06', '2019-05-14 21:21:06'),
(334, NULL, 'new', NULL, NULL, 'solnce52004@yandex.ru', NULL, NULL, NULL, '2019-05-14 22:15:07', '2019-05-14 22:15:07'),
(335, NULL, 'new', NULL, NULL, 'solnce52004@yandex.ru', NULL, NULL, NULL, '2019-05-14 23:53:46', '2019-05-14 23:53:46'),
(336, NULL, 'new', NULL, NULL, 'solnce52004@yandex.ru', NULL, NULL, NULL, '2019-05-14 23:56:32', '2019-05-14 23:56:32'),
(337, NULL, 'new', NULL, NULL, 'solnce52004@yandex.ru', NULL, NULL, NULL, '2019-05-15 00:00:20', '2019-05-15 00:00:20'),
(338, NULL, 'new', NULL, NULL, 'solnce52004@yandex.ru', NULL, NULL, NULL, '2019-05-15 00:01:48', '2019-05-15 00:01:48'),
(339, NULL, 'new', NULL, NULL, 'solnce52004@yandex.ru', NULL, NULL, NULL, '2019-05-15 07:00:01', '2019-05-15 07:00:01'),
(340, NULL, 'new', NULL, NULL, 'solnce52004@yandex.ru', NULL, NULL, NULL, '2019-05-15 07:02:07', '2019-05-15 07:02:07'),
(341, NULL, 'new', NULL, NULL, 'solnce52004@yandex.ru', NULL, NULL, NULL, '2019-05-15 07:07:19', '2019-05-15 07:07:19'),
(342, NULL, 'new', NULL, NULL, 'solnce52004@yandex.ru', NULL, NULL, NULL, '2019-05-15 08:15:23', '2019-05-15 08:15:23'),
(343, NULL, 'new', NULL, NULL, 'solnce52004@yandex.ru', NULL, NULL, NULL, '2019-05-15 08:21:44', '2019-05-15 08:21:44'),
(344, NULL, 'new', NULL, NULL, 'solnce52004@yandex.ru', NULL, NULL, NULL, '2019-05-15 08:26:40', '2019-05-15 08:26:40'),
(345, NULL, 'new', 'Grig', NULL, 'm-a-grigorieva@yandex.ru', '8(454) 645-64-54', NULL, NULL, '2019-05-15 09:29:28', '2019-05-16 12:23:29'),
(346, NULL, 'new', NULL, NULL, 'solnce52004@yandex.ru', NULL, NULL, NULL, '2019-05-15 20:31:04', '2019-05-15 20:31:04'),
(347, NULL, 'gjhgj', 'jgfhjhg', 'gjhgj', 'fdfdfd@gfgfg.fghhfgh', NULL, NULL, NULL, '2019-05-16 07:07:43', '2019-05-16 09:07:02'),
(348, NULL, 'jhj', 'jhbj', 'hgjhj', NULL, NULL, NULL, NULL, '2019-05-16 07:12:44', '2019-05-16 07:12:44'),
(349, NULL, 'sccdedc', 'cccxcxc', 'csdcsdc', 'nce52004@yandex.ru78utygjgj', NULL, NULL, NULL, '2019-05-16 07:45:03', '2019-05-16 09:02:55'),
(350, NULL, 'cbn', 'vn', 'fh', NULL, NULL, NULL, NULL, '2019-05-16 09:09:23', '2019-05-16 09:09:23'),
(351, NULL, 'jhb', 'jhv', 'bjhvbj', NULL, NULL, NULL, NULL, '2019-05-16 09:41:15', '2019-05-16 09:41:15'),
(352, NULL, 'cgf', 'bc', 'xgd', NULL, NULL, NULL, NULL, '2019-05-16 09:47:13', '2019-05-16 09:47:13'),
(353, NULL, 'b', 'b', 'b', NULL, NULL, NULL, NULL, '2019-05-16 09:48:04', '2019-05-16 09:48:04'),
(355, NULL, 'h656565', 'fc56565', '56gh565', NULL, NULL, NULL, NULL, '2019-05-16 10:15:23', '2019-05-16 10:15:23'),
(357, NULL, NULL, 'Кошелевичский', 'xxvxvccv', 'nikolaj71@example.org', NULL, NULL, NULL, '2019-05-16 12:24:37', '2019-05-16 12:24:37'),
(358, NULL, NULL, 'Кошелевич', 'xxvxvccv', 'gordeev.lusa@example.org', NULL, NULL, NULL, '2019-05-16 12:24:50', '2019-05-16 12:24:50'),
(359, NULL, 'всвсв', 'ыывсывс', 'сывсысчы', 'm-a-g4324243234rigorieva@yandex.ru', NULL, NULL, NULL, '2019-05-16 14:19:52', '2019-05-16 14:40:02'),
(360, NULL, 'name', 'f', 'ffdbf', 'fdff@cfdbdf.sfgdgf', NULL, NULL, NULL, '2019-05-17 13:30:08', '2019-05-17 13:30:08'),
(366, NULL, 'new2', NULL, NULL, 'solnce52004@yandex.ru', NULL, NULL, NULL, '2019-05-24 08:06:55', '2019-05-24 08:06:55'),
(367, NULL, 'jhgjh', NULL, NULL, 'jhbjhb@kjkj.jhj', NULL, NULL, NULL, '2019-06-08 09:25:56', '2019-06-08 09:25:56'),
(368, NULL, 'dfddgfgfg', 'dfd', 'sfdf', 'd@vbvb', NULL, NULL, NULL, '2019-06-08 11:46:24', '2019-06-08 11:46:24'),
(369, NULL, 'name', NULL, NULL, 'email@site.ru', NULL, NULL, NULL, '2019-06-08 20:25:25', '2019-06-08 20:25:25'),
(370, NULL, 'name', NULL, NULL, 'email2@site.ru', NULL, NULL, NULL, '2019-06-08 20:42:50', '2019-06-08 20:42:50'),
(371, NULL, 'new', NULL, NULL, 'solnce52004@yandex.ru', NULL, NULL, NULL, '2019-06-08 20:45:06', '2019-06-08 20:45:06'),
(372, NULL, 'name', NULL, NULL, 'email3@site.ru', NULL, NULL, NULL, '2019-06-08 21:08:54', '2019-06-08 21:08:54'),
(373, NULL, 'name', NULL, NULL, 'solnce52004@yandex.ru', NULL, NULL, NULL, '2019-06-08 21:14:40', '2019-06-08 21:14:40'),
(374, NULL, 'name', NULL, NULL, 'solnce52004@yandex.ru', NULL, NULL, NULL, '2019-06-08 21:31:48', '2019-06-08 21:31:48'),
(375, NULL, 'name', NULL, NULL, 'solnce52004@yandex.ru', NULL, NULL, NULL, '2019-06-08 21:59:57', '2019-06-08 21:59:57'),
(376, NULL, 'name', NULL, NULL, 'solnce52004@yandex.ru', NULL, NULL, NULL, '2019-06-08 22:02:20', '2019-06-08 22:02:20'),
(377, NULL, 'name', NULL, NULL, 'solnce52004@yandex.ru', NULL, NULL, NULL, '2019-06-08 22:15:02', '2019-06-08 22:15:02'),
(378, NULL, 'name', NULL, NULL, 'solnce52004@yandex.ru', NULL, NULL, NULL, '2019-06-08 22:36:23', '2019-06-08 22:36:23'),
(379, NULL, 'name', NULL, NULL, 'solnce52004@yandex.ru', NULL, NULL, NULL, '2019-06-08 23:00:23', '2019-06-08 23:00:23'),
(380, NULL, 'name', NULL, NULL, 'solnce52004@yandex.ru', NULL, NULL, NULL, '2019-06-08 23:13:31', '2019-06-08 23:13:31'),
(381, NULL, 'name', NULL, NULL, 'solnce52004@yandex.ru', NULL, NULL, NULL, '2019-06-09 07:31:32', '2019-06-09 07:31:32'),
(382, NULL, 'name', NULL, NULL, 'solnce52004@yandex.ru', NULL, NULL, NULL, '2019-06-09 10:34:31', '2019-06-09 10:34:31'),
(383, NULL, 'name', NULL, NULL, 'solnce52004@yandex.ru', NULL, NULL, NULL, '2019-06-09 11:43:16', '2019-06-09 11:43:16'),
(384, NULL, 'name', NULL, NULL, 'solnce52004@yandex.ru', NULL, NULL, NULL, '2019-06-09 11:48:02', '2019-06-09 11:48:02'),
(385, NULL, 'name', NULL, NULL, 'solnce52004@yandex.ru', NULL, NULL, NULL, '2019-06-09 11:50:39', '2019-06-09 11:50:39'),
(386, NULL, 'name', NULL, NULL, 'solnce52004@yandex.ru', NULL, NULL, NULL, '2019-06-09 11:53:32', '2019-06-09 11:53:32'),
(387, NULL, 'name', NULL, NULL, 'solnce52004@yandex.ru', NULL, NULL, NULL, '2019-06-09 11:54:42', '2019-06-09 11:54:42'),
(388, NULL, 'name', NULL, NULL, 'solnce52004@yandex.ru', NULL, NULL, NULL, '2019-06-09 12:04:13', '2019-06-09 12:04:13'),
(389, NULL, 'name', NULL, NULL, 'solnce52004@yandex.ru', NULL, NULL, NULL, '2019-06-09 12:05:08', '2019-06-09 12:05:08'),
(390, NULL, 'name', NULL, NULL, 'solnce52004@yandex.ru', NULL, NULL, NULL, '2019-06-09 12:06:13', '2019-06-09 12:06:13'),
(391, NULL, 'name', NULL, NULL, 'solnce52004@yandex.ru', NULL, NULL, NULL, '2019-06-09 12:08:31', '2019-06-09 12:08:31'),
(392, NULL, 'name', NULL, NULL, 'solnce52004@yandex.ru', NULL, NULL, NULL, '2019-06-09 12:13:14', '2019-06-09 12:13:14'),
(393, NULL, 'name', NULL, NULL, 'solnce52004@yandex.ru', NULL, NULL, NULL, '2019-06-09 12:15:04', '2019-06-09 12:15:04'),
(394, NULL, 'Имя-new', 'Фамилия-new', 'Отчество-new', 'new-solnce52004@yandex.ru', '8(888) 888-88-88', '2019-06-04', NULL, '2019-06-09 12:17:58', '2019-06-09 13:54:14'),
(448, NULL, 'name-new', 'surname-new', 'middlename-new', '93-solnce52004@yandex.ru', '8(888) 888-88-88', '2019-06-04', NULL, '2019-06-09 17:00:34', '2019-06-09 17:00:36'),
(449, NULL, 'name-new', 'surname-new', 'middlename-new', '2-solnce52004@yandex.ru', '8(888) 888-88-88', '2019-06-04', NULL, '2019-06-09 19:22:31', '2019-06-09 19:22:34'),
(450, NULL, 'name-new', 'surname-new', 'middlename-new', '11-solnce52004@yandex.ru', '8(888) 888-88-88', '2019-06-04', NULL, '2019-06-09 19:29:07', '2019-06-09 19:29:09'),
(451, NULL, 'name-new', 'surname-new', 'middlename-new', '33-solnce52004@yandex.ru', '8(888) 888-88-88', '2019-06-04', NULL, '2019-06-09 19:30:30', '2019-06-09 19:30:32'),
(452, NULL, 'name-new', 'surname-new', 'middlename-new', '77-solnce52004@yandex.ru', '8(888) 888-88-88', '2019-06-04', NULL, '2019-06-09 19:32:15', '2019-06-09 19:32:18'),
(453, NULL, 'name-new', 'surname-new', 'middlename-new', '86-solnce52004@yandex.ru', '8(888) 888-88-88', '2019-06-04', NULL, '2019-06-10 09:10:08', '2019-06-10 09:10:13'),
(454, NULL, 'new2', NULL, NULL, 'solnce52004@yandex.ru', NULL, NULL, NULL, '2019-06-12 21:43:17', '2019-06-12 21:43:17');

-- --------------------------------------------------------

--
-- Table structure for table `roles`
--

CREATE TABLE `roles` (
  `id` int(10) UNSIGNED NOT NULL,
  `title` varchar(255) DEFAULT NULL,
  `text` varchar(255) DEFAULT NULL,
  `created_at` timestamp NULL DEFAULT NULL,
  `updated_at` timestamp NULL DEFAULT NULL
) ENGINE=InnoDB DEFAULT CHARSET=utf8;

--
-- Dumping data for table `roles`
--

INSERT INTO `roles` (`id`, `title`, `text`, `created_at`, `updated_at`) VALUES
(1, 'admin', 'Администратор', '2019-04-20 15:50:35', '2019-04-20 15:50:35'),
(2, 'guest', 'Гость', '2019-04-20 15:54:40', '2019-04-20 15:54:40'),
(3, 'trainer', 'Тренер', '2019-04-20 16:12:56', '2019-04-20 16:12:56'),
(4, 'support', 'Техподдержка', '2019-04-20 16:12:56', '2019-04-20 16:12:56'),
(5, 'content', 'Контент-менеджер', '2019-04-20 16:12:56', '2019-04-20 16:12:56');

-- --------------------------------------------------------

--
-- Table structure for table `sections`
--

CREATE TABLE `sections` (
  `id` int(10) UNSIGNED NOT NULL,
  `title` varchar(255) DEFAULT NULL,
  `slug` varchar(255) DEFAULT NULL,
  `created_at` timestamp NULL DEFAULT NULL,
  `updated_at` timestamp NULL DEFAULT NULL
) ENGINE=InnoDB DEFAULT CHARSET=utf8;

--
-- Dumping data for table `sections`
--

INSERT INTO `sections` (`id`, `title`, `slug`, `created_at`, `updated_at`) VALUES
(1, 'morning_programs', '', '2019-04-20 16:28:41', '2019-04-20 16:28:41'),
(2, 'body_building', '', '2019-04-20 16:29:55', '2019-04-20 16:29:55'),
(3, 'stretching', '', '2019-04-20 16:30:44', '2019-04-20 16:30:44'),
(4, 'fitness', '', '2019-04-20 16:33:12', '2019-04-20 16:33:12'),
(5, 'yoga', '', '2019-04-20 16:33:31', '2019-04-20 16:33:31'),
(6, 'child_programs', '', '2019-04-20 16:33:47', '2019-04-20 16:33:47'),
(7, NULL, '', '2019-04-20 16:38:12', '2019-04-20 16:38:12'),
(8, NULL, '', '2019-04-20 16:38:33', '2019-04-20 16:38:33'),
(9, NULL, '', '2019-04-20 16:39:45', '2019-04-20 16:39:45'),
(10, NULL, '', '2019-04-20 16:40:27', '2019-04-20 16:40:27');

-- --------------------------------------------------------

--
-- Table structure for table `shedules`
--

CREATE TABLE `shedules` (
  `id` int(10) UNSIGNED NOT NULL,
  `date_training` date DEFAULT NULL,
  `trainingtime_id` int(10) UNSIGNED DEFAULT NULL,
  `user_id` int(10) UNSIGNED DEFAULT NULL,
  `section_id` int(10) UNSIGNED DEFAULT NULL,
  `gym_id` int(10) UNSIGNED DEFAULT NULL,
  `created_at` timestamp NULL DEFAULT NULL,
  `updated_at` timestamp NULL DEFAULT NULL
) ENGINE=InnoDB DEFAULT CHARSET=utf8;

--
-- Dumping data for table `shedules`
--

INSERT INTO `shedules` (`id`, `date_training`, `trainingtime_id`, `user_id`, `section_id`, `gym_id`, `created_at`, `updated_at`) VALUES
(1, '2019-06-24', 1, 21, 1, 1, '2019-04-20 21:20:49', '2019-04-20 21:20:49'),
(2, '2019-06-25', 2, 22, 2, 2, '2019-04-20 21:21:45', '2019-04-20 21:21:45'),
(4, '2019-06-25', 3, 23, 3, 3, '2019-04-20 21:24:27', '2019-04-20 21:24:27'),
(5, '2019-06-05', 4, 24, 4, 4, '2019-04-20 21:32:53', '2019-04-20 21:32:54'),
(42, '2019-06-10', 5, 25, 5, 5, '2019-04-20 21:32:53', '2019-04-20 21:32:54'),
(43, '2019-06-11', 6, 21, 6, 6, '2019-04-20 21:32:53', '2019-04-20 21:32:54'),
(44, '2019-06-16', 7, 22, 4, 7, '2019-04-20 21:32:53', '2019-05-15 23:03:16'),
(45, '2019-06-16', 8, 23, 5, 8, '2019-04-20 21:32:53', '2019-04-20 21:32:54'),
(46, '2019-06-16', 9, 24, 3, 9, '2019-04-20 21:32:53', '2019-05-15 22:45:13'),
(49, '2019-06-17', 3, 22, 6, 1, '2019-04-20 21:32:53', '2019-05-17 15:38:34'),
(63, '2019-06-16', 1, 21, 1, 3, '2019-05-16 00:10:16', '2019-05-16 02:44:04'),
(65, '2019-06-16', 3, 22, 1, 1, '2019-05-16 00:25:39', '2019-05-16 01:15:56'),
(69, '2019-06-17', 5, 21, 6, 1, '2019-05-16 01:18:57', '2019-05-16 02:30:07'),
(74, '2019-05-19', 1, 23, 1, 5, '2019-05-17 11:08:45', '2019-05-17 11:08:45'),
(75, '2019-05-17', 1, 23, 2, 2, '2019-05-17 15:39:59', '2019-05-17 19:38:55'),
(76, '2019-05-17', 1, 24, 1, 9, '2019-05-17 19:43:06', '2019-05-17 19:52:13'),
(77, '2019-05-17', 1, 22, 1, 4, '2019-05-17 19:52:51', '2019-05-17 19:52:51'),
(78, '2019-05-17', 1, 23, 2, 1, '2019-05-17 20:23:39', '2019-05-17 20:27:05'),
(79, '2019-05-17', 2, 24, 3, 1, '2019-05-17 20:27:40', '2019-05-17 20:27:40'),
(105, '2019-05-18', 1, 22, 1, 1, '2019-05-18 11:42:53', '2019-05-18 11:43:03'),
(106, '2019-05-18', 1, 23, 2, 2, '2019-05-18 11:43:15', '2019-05-18 11:52:47'),
(108, '2019-05-18', 2, NULL, 1, 2, '2019-05-18 12:03:19', '2019-05-18 12:03:19'),
(109, '2019-05-18', 1, 21, 6, 7, '2019-05-18 12:07:28', '2019-05-18 12:07:28'),
(110, '2019-05-18', 2, 25, 5, 6, '2019-05-18 12:07:46', '2019-05-18 12:07:46'),
(111, '2019-05-19', 2, 23, 6, 4, '2019-05-18 12:08:38', '2019-05-18 12:08:38'),
(112, '2019-05-18', 1, 22, NULL, 3, '2019-05-18 12:15:03', '2019-05-18 12:15:03'),
(113, '2019-05-18', 2, 22, NULL, 3, '2019-05-18 13:03:38', '2019-05-18 13:03:38'),
(115, '2019-05-20', 1, 22, 1, 1, '2019-05-20 14:52:30', '2019-05-20 14:53:35'),
(116, '2019-05-20', 1, 23, 2, 2, '2019-05-20 14:56:17', '2019-05-20 14:56:17'),
(117, '2019-05-20', 2, 24, 5, 2, '2019-05-20 14:56:27', '2019-05-20 14:56:27'),
(119, '2019-05-20', 1, 24, 6, 6, '2019-05-20 15:14:40', '2019-05-20 15:14:40'),
(120, '2019-05-20', 2, 23, 3, 7, '2019-05-20 15:15:19', '2019-05-20 15:15:19'),
(121, '2019-05-20', 3, 21, 4, 7, '2019-05-20 15:15:30', '2019-05-20 15:15:30'),
(122, '2019-05-20', 8, 24, 2, 5, '2019-05-20 15:16:24', '2019-05-20 15:16:24'),
(123, '2019-05-20', 5, 24, 6, 5, '2019-05-20 15:16:35', '2019-05-20 15:16:35'),
(124, '2019-05-24', 1, NULL, 1, 2, '2019-05-24 07:53:51', '2019-05-24 07:53:51'),
(125, '2019-05-28', 1, 23, 1, 1, '2019-05-28 01:47:20', '2019-05-28 01:47:20'),
(126, '2019-06-08', 1, 23, 1, 1, '2019-06-08 11:43:02', '2019-06-08 11:43:02'),
(127, '2019-06-08', 1, 24, 2, 2, '2019-06-08 11:48:06', '2019-06-08 11:48:06'),
(128, '2019-06-11', 1, 23, 5, 1, '2019-06-11 08:04:31', '2019-06-11 08:04:31'),
(129, '2019-06-13', 1, 22, 1, 1, '2019-06-12 22:49:03', '2019-06-12 22:49:03'),
(130, '2019-06-13', 1, 23, 2, 2, '2019-06-12 22:49:09', '2019-06-12 22:49:09'),
(131, '2019-06-13', 1, 21, 5, 6, '2019-06-12 22:49:22', '2019-06-12 22:49:22');

-- --------------------------------------------------------

--
-- Table structure for table `shedule_user`
--

CREATE TABLE `shedule_user` (
  `id` int(10) UNSIGNED NOT NULL,
  `user_id` int(10) UNSIGNED DEFAULT NULL,
  `shedule_id` int(10) UNSIGNED DEFAULT NULL,
  `status` text,
  `created_at` timestamp NULL DEFAULT NULL,
  `updated_at` timestamp NULL DEFAULT NULL
) ENGINE=InnoDB DEFAULT CHARSET=utf8;

--
-- Dumping data for table `shedule_user`
--

INSERT INTO `shedule_user` (`id`, `user_id`, `shedule_id`, `status`, `created_at`, `updated_at`) VALUES
(1, 11, 1, 'awaiting', '2019-04-20 21:21:45', '2019-04-20 21:21:45'),
(2, 12, 2, 'confirmed', '2019-04-20 21:22:26', '2019-04-20 21:22:26'),
(3, 13, 4, 'confirmed', '2019-04-20 21:24:27', '2019-04-20 21:24:27'),
(4, 14, 5, 'confirmed', '2019-04-20 21:32:54', '2019-04-20 21:32:54'),
(95, NULL, NULL, 'notvisited', '2019-04-23 13:04:57', '2019-04-23 13:04:57'),
(101, 235, 4, 'confirmed', '2019-04-24 13:09:20', '2019-04-24 13:09:20'),
(133, NULL, NULL, 'canceled', '2019-04-27 10:26:12', '2019-04-27 10:26:12'),
(134, NULL, NULL, 'visited', '2019-04-27 10:26:12', '2019-04-27 10:26:12'),
(135, NULL, NULL, '', '2019-04-27 10:26:51', '2019-04-27 10:26:51'),
(137, NULL, NULL, NULL, '2019-04-27 10:27:08', '2019-04-27 10:27:08'),
(138, NULL, NULL, NULL, '2019-04-27 10:27:08', '2019-04-27 10:27:08'),
(267, 235, 5, 'confirmed', '2019-05-04 18:27:00', '2019-05-04 18:27:00'),
(268, 235, 42, 'confirmed', '2019-05-04 19:51:58', '2019-05-04 19:51:58'),
(269, 235, 43, 'awaiting', '2019-05-04 20:06:31', '2019-05-04 20:06:31'),
(271, NULL, 5, 'awaiting', '2019-05-05 17:55:49', '2019-05-05 17:55:49'),
(272, NULL, NULL, 'awaiting', '2019-05-05 17:55:49', '2019-05-05 17:55:49'),
(273, NULL, 44, 'awaiting', '2019-05-05 17:55:49', '2019-05-05 17:55:49'),
(274, NULL, 45, 'awaiting', '2019-05-05 17:55:49', '2019-05-05 17:55:49'),
(275, NULL, 43, 'awaiting', '2019-05-08 15:36:46', '2019-05-08 15:36:46'),
(281, 295, NULL, 'awaiting', '2019-05-08 22:08:53', '2019-05-08 22:08:53'),
(283, 235, 45, 'awaiting', '2019-05-09 14:05:30', '2019-05-09 14:05:30'),
(288, NULL, 44, 'awaiting', '2019-05-12 00:58:29', '2019-05-12 00:58:29'),
(292, 235, 49, 'confirmed', '2019-05-12 01:10:45', '2019-05-12 01:10:45'),
(294, 235, 69, 'confirmed', '2019-05-12 01:18:46', '2019-05-12 01:18:46'),
(295, NULL, NULL, 'awaiting', '2019-05-12 01:18:46', '2019-05-12 01:18:46'),
(296, NULL, NULL, 'awaiting', '2019-05-12 01:24:32', '2019-05-12 01:24:32'),
(297, NULL, NULL, 'awaiting', '2019-05-12 01:47:46', '2019-05-12 01:47:46'),
(298, NULL, NULL, 'awaiting', '2019-05-12 01:47:46', '2019-05-12 01:47:46'),
(300, NULL, NULL, 'awaiting', '2019-05-13 06:19:25', '2019-05-13 06:19:25'),
(301, 235, NULL, 'awaiting', '2019-05-13 09:15:34', '2019-05-13 09:15:34'),
(302, 235, NULL, 'awaiting', '2019-05-13 14:39:29', '2019-05-13 14:39:29'),
(303, 235, NULL, 'awaiting', '2019-05-13 14:39:50', '2019-05-13 14:39:50'),
(304, 235, 44, 'awaiting', '2019-05-13 14:39:50', '2019-05-13 14:39:50'),
(305, 235, NULL, 'awaiting', '2019-05-13 14:39:50', '2019-05-13 14:39:50'),
(306, 235, 124, 'confirmed', '2019-05-13 14:39:50', '2019-05-13 14:39:50'),
(307, 235, 125, 'confirmed', '2019-05-13 14:39:50', '2019-05-13 14:39:50'),
(318, NULL, NULL, 'awaiting', '2019-05-13 17:14:56', '2019-05-13 17:14:56'),
(319, 235, NULL, 'awaiting', '2019-05-15 20:17:36', '2019-05-15 20:17:36'),
(320, NULL, NULL, 'awaiting', '2019-05-15 20:17:36', '2019-05-15 20:17:36'),
(321, NULL, NULL, 'awaiting', '2019-05-15 20:17:36', '2019-05-15 20:17:36'),
(322, 235, 131, 'awaiting', '2019-06-12 23:23:44', '2019-06-12 23:23:44'),
(323, 235, 129, 'awaiting', '2019-06-12 23:23:44', '2019-06-12 23:23:44'),
(324, 235, 63, 'awaiting', '2019-06-12 23:23:44', '2019-06-12 23:23:44'),
(325, 235, 65, 'awaiting', '2019-06-12 23:23:44', '2019-06-12 23:23:44');

-- --------------------------------------------------------

--
-- Table structure for table `trainingtimes`
--

CREATE TABLE `trainingtimes` (
  `id` int(10) UNSIGNED NOT NULL,
  `start_training` time DEFAULT NULL,
  `stop_training` time DEFAULT NULL,
  `created_at` timestamp NULL DEFAULT NULL,
  `updated_at` timestamp NULL DEFAULT NULL
) ENGINE=InnoDB DEFAULT CHARSET=utf8;

--
-- Dumping data for table `trainingtimes`
--

INSERT INTO `trainingtimes` (`id`, `start_training`, `stop_training`, `created_at`, `updated_at`) VALUES
(1, '06:00:00', '08:00:00', '2019-04-20 16:04:53', '2019-04-20 16:04:53'),
(2, '08:00:00', '10:00:00', '2019-04-20 16:13:01', '2019-04-20 16:13:01'),
(3, '10:00:00', '12:00:00', '2019-04-20 16:16:13', '2019-04-20 16:16:13'),
(4, '12:00:00', '14:00:00', '2019-04-20 16:17:21', '2019-04-20 16:17:21'),
(5, '14:00:00', '16:00:00', '2019-04-20 16:18:23', '2019-04-20 16:18:23'),
(6, '16:00:00', '18:00:00', '2019-04-20 16:24:46', '2019-04-20 16:24:46'),
(7, '18:00:00', '20:00:00', '2019-04-20 16:25:24', '2019-04-20 16:25:24'),
(8, '20:00:00', '22:00:00', '2019-04-20 16:28:23', '2019-04-20 16:28:23'),
(9, '22:00:00', '00:00:00', '2019-04-20 16:28:41', '2019-04-20 16:28:41');

-- --------------------------------------------------------

--
-- Table structure for table `users`
--

CREATE TABLE `users` (
  `id` int(10) UNSIGNED NOT NULL,
  `name` varchar(255) DEFAULT NULL,
  `email` varchar(255) DEFAULT NULL,
  `email_verified_at` datetime DEFAULT NULL,
  `password` varchar(255) DEFAULT NULL,
  `remember_token` varchar(100) DEFAULT NULL,
  `personalinfo_id` int(10) UNSIGNED DEFAULT NULL,
  `role_id` int(10) UNSIGNED DEFAULT NULL,
  `created_at` timestamp NULL DEFAULT NULL,
  `updated_at` timestamp NULL DEFAULT NULL
) ENGINE=InnoDB DEFAULT CHARSET=utf8;

--
-- Dumping data for table `users`
--

INSERT INTO `users` (`id`, `name`, `email`, `email_verified_at`, `password`, `remember_token`, `personalinfo_id`, `role_id`, `created_at`, `updated_at`) VALUES
(1, 'admin-1672', 'nikolaj71@example.org', '2019-04-21 00:22:26', '$2y$10$92IXUNpkjO0rOQ5byMi.Ye4oKoEa3Ro9llC/.og/at2.uheWG/igi', 'odQzepvGRz', 357, 1, '2019-04-20 21:22:26', '2019-05-16 12:24:37'),
(2, 'admin-1775', 'gordeev.lusa@example.org', '2019-04-21 00:32:53', '$2y$10$92IXUNpkjO0rOQ5byMi.Ye4oKoEa3Ro9llC/.og/at2.uheWG/igi', 'ooTDXxO1wD', 358, 1, '2019-04-20 21:32:53', '2019-05-16 12:24:50'),
(3, 'admin-1838', 'zlata.gorbunov@example.com', '2019-04-21 00:24:27', '$2y$10$92IXUNpkjO0rOQ5byMi.Ye4oKoEa3Ro9llC/.og/at2.uheWG/igi', '1MkSTmRUT7', 3, 1, '2019-04-20 21:24:27', '2019-05-16 12:25:03'),
(4, 'admin-3291', 'anastasia64@example.net', '2019-04-21 00:21:45', '$2y$10$92IXUNpkjO0rOQ5byMi.Ye4oKoEa3Ro9llC/.og/at2.uheWG/igi', 'rYyTTL9io5', 4, 1, '2019-04-20 21:21:45', '2019-04-20 21:21:45'),
(5, 'admin-4595', 'hefimov@example.org', '2019-04-21 00:14:42', '$2y$10$92IXUNpkjO0rOQ5byMi.Ye4oKoEa3Ro9llC/.og/at2.uheWG/igi', 'HoYyRzt4kG', 5, 1, '2019-04-20 21:14:42', '2019-04-20 21:14:42'),
(6, 'content-2025', 'anna.nikiforov@example.org', '2019-04-21 00:32:53', '$2y$10$92IXUNpkjO0rOQ5byMi.Ye4oKoEa3Ro9llC/.og/at2.uheWG/igi', 'DqcOjkPUcn', 6, 5, '2019-04-20 21:32:53', '2019-04-20 21:32:53'),
(7, 'content-5140', 'innokentij.noskov@example.net', '2019-04-21 00:21:45', '$2y$10$92IXUNpkjO0rOQ5byMi.Ye4oKoEa3Ro9llC/.og/at2.uheWG/igi', 'Jvm3BOszEH', 7, 5, '2019-04-20 21:21:45', '2019-04-20 21:21:45'),
(8, 'content-6934', 'lubov.gordeev@example.com', '2019-04-21 00:24:27', '$2y$10$92IXUNpkjO0rOQ5byMi.Ye4oKoEa3Ro9llC/.og/at2.uheWG/igi', 'eXQudESIqp', 8, 5, '2019-04-20 21:24:27', '2019-04-20 21:24:27'),
(9, 'content-7981', 'bzinovev@example.org', '2019-04-21 00:22:26', '$2y$10$92IXUNpkjO0rOQ5byMi.Ye4oKoEa3Ro9llC/.og/at2.uheWG/igi', '7TQk8xtNpU', 9, 5, '2019-04-20 21:22:26', '2019-04-20 21:22:26'),
(10, 'content-8991', 'bogdanov.maja@example.net', '2019-04-21 00:14:42', '$2y$10$92IXUNpkjO0rOQ5byMi.Ye4oKoEa3Ro9llC/.og/at2.uheWG/igi', 'e2fJXjhdfr', 10, 5, '2019-04-20 21:14:42', '2019-04-20 21:14:42'),
(11, 'guest-1304', 'eva.lihacev@example.com', '2019-04-21 00:21:45', '$2y$10$92IXUNpkjO0rOQ5byMi.Ye4oKoEa3Ro9llC/.og/at2.uheWG/igi', 'UIuBKcFIGO', 11, 2, '2019-04-20 21:21:45', '2019-04-26 10:54:34'),
(12, 'guest-1338', 'dfomin@example.net', '2019-04-21 00:24:27', '$2y$10$92IXUNpkjO0rOQ5byMi.Ye4oKoEa3Ro9llC/.og/at2.uheWG/igi', 'FSOsvRQRl5', 12, 2, '2019-04-20 21:24:27', '2019-04-20 21:24:27'),
(13, 'guest-4610', 'befimov@example.com', '2019-04-21 00:32:53', '$2y$10$92IXUNpkjO0rOQ5byMi.Ye4oKoEa3Ro9llC/.og/at2.uheWG/igi', '4oPd8ZCg1I', 13, 2, '2019-04-20 21:32:53', '2019-04-20 21:32:53'),
(14, 'guest-6606', 'gtitov@example.org', '2019-04-21 00:22:26', '$2y$10$92IXUNpkjO0rOQ5byMi.Ye4oKoEa3Ro9llC/.og/at2.uheWG/igi', 'hMouuG8w2G', 14, 2, '2019-04-20 21:22:26', '2019-04-20 21:22:26'),
(15, 'guest-663', 'kkonstantinov@example.com', '2019-04-21 00:14:42', '$2y$10$92IXUNpkjO0rOQ5byMi.Ye4oKoEa3Ro9llC/.og/at2.uheWG/igi', 'whufp3I3gR', 15, 2, '2019-04-20 21:14:42', '2019-04-20 21:14:42'),
(16, 'support-3048', 'anna.bogdanov@example.net', '2019-04-21 00:24:27', '$2y$10$92IXUNpkjO0rOQ5byMi.Ye4oKoEa3Ro9llC/.og/at2.uheWG/igi', 'aPugMdbhUw', 16, 4, '2019-04-20 21:24:27', '2019-04-20 21:24:27'),
(17, 'support-3770', 'dsergeev@example.org', '2019-04-21 00:21:45', '$2y$10$92IXUNpkjO0rOQ5byMi.Ye4oKoEa3Ro9llC/.og/at2.uheWG/igi', 'ePn1li6MwJ', 17, 4, '2019-04-20 21:21:45', '2019-04-20 21:21:45'),
(18, 'support-4749', 'dfilatov@example.org', '2019-04-21 00:32:53', '$2y$10$92IXUNpkjO0rOQ5byMi.Ye4oKoEa3Ro9llC/.og/at2.uheWG/igi', 'g5EXoGYCeA', 18, 4, '2019-04-20 21:32:53', '2019-04-20 21:32:53'),
(19, 'support-6277', 'filatov.ignat@example.com', '2019-04-21 00:14:42', '$2y$10$92IXUNpkjO0rOQ5byMi.Ye4oKoEa3Ro9llC/.og/at2.uheWG/igi', 'FJpqP20XEp', 19, 4, '2019-04-20 21:14:42', '2019-04-20 21:14:42'),
(20, 'support-998', 'natala69@example.com', '2019-04-21 00:22:26', '$2y$10$92IXUNpkjO0rOQ5byMi.Ye4oKoEa3Ro9llC/.og/at2.uheWG/igi', 'cxAvXIIjQN', 20, 4, '2019-04-20 21:22:26', '2019-04-20 21:22:26'),
(21, 'trainer-4632', 'rozkov.adam@example.org', '2019-04-21 00:22:26', '$2y$10$92IXUNpkjO0rOQ5byMi.Ye4oKoEa3Ro9llC/.og/at2.uheWG/igi', 'OA7hFp1gUJ', 21, 3, '2019-04-20 21:22:26', '2019-04-20 21:22:26'),
(22, 'trainer-5520', 'vaceslav41@example.net', '2019-04-21 00:32:53', '$2y$10$92IXUNpkjO0rOQ5byMi.Ye4oKoEa3Ro9llC/.og/at2.uheWG/igi', '6OeEFXfnOz', 22, 3, '2019-04-20 21:32:53', '2019-04-20 21:32:53'),
(23, 'trainer-6311', 'sestakov.margarita@example.com', '2019-04-21 00:21:45', '$2y$10$92IXUNpkjO0rOQ5byMi.Ye4oKoEa3Ro9llC/.og/at2.uheWG/igi', 'tcHEytI635', 23, 3, '2019-04-20 21:21:45', '2019-04-20 21:21:45'),
(24, 'trainer-6631', 'nika.korolev@example.org', '2019-04-21 00:14:42', '$2y$10$92IXUNpkjO0rOQ5byMi.Ye4oKoEa3Ro9llC/.og/at2.uheWG/igi', 'T7okxCq4uF', 24, 3, '2019-04-20 21:14:42', '2019-04-20 21:14:42'),
(25, 'trainer-8372', 'eduard.rodionov@example.org', '2019-04-21 00:24:27', '$2y$10$92IXUNpkjO0rOQ5byMi.Ye4oKoEa3Ro9llC/.og/at2.uheWG/igi', 'gcB08QzD8e', 25, 3, '2019-04-20 21:24:27', '2019-04-20 21:24:27'),
(235, 'Владимир', 'm-a-grigoreva@yandex.ru', '2019-04-22 11:54:05', '$2y$10$dz.pk.HvFCp.oZYLdIiTU.6YWsILrhyP8ZvYdntAw8YbEkMMvGZGa', 'Ykq7W6fv1WDtAcWTPnEMGZNeU6jKRGp9pdLQpi9MErEkSRN8zPeUyj2fcn6k', 26, 2, '2019-04-22 08:53:34', '2019-05-13 07:37:48'),
(295, 'Качок', 'knjnj@nkjk.rgbrbkjkj', NULL, '$2y$10$V6Sd8Rwh6Gfg5el4HZTiXeWx9hsH9n0sy2i9gqYs1cQyp5VvBUS2q', NULL, 268, 2, '2019-05-08 19:45:02', '2019-05-08 22:24:06'),
(375, 'new', 'm-a-grigorieva@yandex.ru', '2019-05-15 13:27:40', '$2y$10$ayKDwVbShY0idr/tqXtgeuju03oRsYYWIkLMx37WAV5ceCafoS19G', 'AHp7dLkYJxw1whckEfR1cepYpWOHpf01pNreV3FP1PN6z8km1NVUjktVbu8c', 345, 1, '2019-05-15 09:29:28', '2019-05-16 12:23:29'),
(385, NULL, 'm-a-g4324243234rigorieva@yandex.ru', NULL, '$2y$10$7JBAnbgnZK1smUNKomuZC.35IFvfnafsyWrEtq3odOci7I4ZaEhlG', NULL, 359, 2, '2019-05-16 14:19:52', '2019-05-16 14:40:02'),
(386, 'name', 'fdff@cfdbdf.sfgdgf', NULL, '$2y$10$oJSn76ygT4/CWUBim6NvWe9eGg/MZo42uOaH7WSmgVr5.wSjSNFhm', NULL, 360, 2, '2019-05-17 13:30:08', '2019-05-17 13:30:08'),
(393, 'jhgjh', 'jhbjhb@kjkj.jhj', NULL, '$2y$10$rjWmRZIVNu3rFgj3iGY8mOLkNnuuMZ2TbDXc864WoiEcXe2SwBlJG', NULL, 367, 2, '2019-06-08 09:25:56', '2019-06-08 09:25:56'),
(394, 'dfddgfgfg', 'd@vbvb', NULL, '$2y$10$rS2qVnLXfjNShBmJZggXje/g.ere4AmRf2dUmBEys9SwzRky.gAQm', NULL, 368, 2, '2019-06-08 11:46:24', '2019-06-08 11:46:24'),
(420, 'Имя-new', 'solnce52004u@yandex.ru', '2019-06-09 19:06:09', '$2y$10$/Oqa3jDBHA/rNAqZveVBOunqSnipP6Kl5Vk2m/7N7jo.FNd/G6xoa', 'm0rccLhx8zwUUdT27aHIyUkxMWAA4LESh77fK7PEEakp3nfw691cXKXk9Dl3', 394, 2, '2019-06-09 12:17:59', '2019-06-09 13:54:33'),
(474, 'name-new', '93-solnce52004@yandex.ru', '2019-06-09 23:00:34', '$2y$10$O5pOQdAejQogqlZKHr31zObHwtvFyS9lpG2iz.hmOSKcOs.J9acnG', 'BitmHZ56qkiRbIWp5oJ4gpqv1HXqx3jAFoDjTWivtLqyvTVH040So5rY4UpI', 448, 2, '2019-06-09 17:00:34', '2019-06-09 17:00:36'),
(475, 'name-new', '2-solnce52004@yandex.ru', '2019-06-10 01:22:31', '$2y$10$Sm9519ND9zp36Ov6gKW3redyRMDltk66hfVhiPrG4j5hI6mL/wbUi', 'j09NmxCAq1TBXSMOTmDUGT4lk1G06u4i4ofptzxGj8rQHEYqLLsTpwjA1Ddo', 449, 2, '2019-06-09 19:22:32', '2019-06-09 19:22:34'),
(476, 'name-new', '11-solnce52004@yandex.ru', '2019-06-10 01:29:06', '$2y$10$0QSaPOmu.qWfvBDjPjdqQOGNGyQrlHih6kwcFJ698PZnWICPjUKny', 'KQcp3owdc7PZr372lP95pArETvQanf5YjdM49QsRrIpjdV5k6vGf22Ds2YZS', 450, 2, '2019-06-09 19:29:07', '2019-06-09 19:29:09'),
(477, 'name-new', '33-solnce52004@yandex.ru', '2019-06-10 01:30:30', '$2y$10$B2KiM9M1T1X4stesX2RZzOQdogQQtLNcHpUmiyJW5jtB40ft8bh/m', '1PMvqP4GDfZA5ymX1JzY9yIXu7TlzH9kwUC4OI5IJekJJoLLg22agtbBGGze', 451, 2, '2019-06-09 19:30:31', '2019-06-09 19:30:33'),
(478, 'name-new', '77-solnce52004@yandex.ru', '2019-06-10 01:32:15', '$2y$10$7XCBij1AYiJ0i6DPml/cSOMtbDZ.foNq7x8/sni.53mS9KV2jWtMK', 'APrnUs9K5w3qB3VbBpuuZiqgVOwUbl9JRWbx2UsxH4JWLd7oKUQFWbhvuq2n', 452, 2, '2019-06-09 19:32:15', '2019-06-09 19:32:18'),
(479, 'name-new', '86-solnce52004@yandex.ru', '2019-06-10 15:10:07', '$2y$10$4di5sEtLwtQ7XOcPFE66eemol4u4dzaALZp0HTJ5kYVIP29gyLLRG', 'wMxmH2rb2ysSFLTlFLxHEIE10m1Ff0wxtR7kZGfbTd683mKbQTNoc1c0FV7D', 453, 2, '2019-06-10 09:10:08', '2019-06-10 09:10:13'),
(480, 'new2', 'solnce52004@yandex.ru', NULL, '$2y$10$uhdUvEOoLQPCFBHglGXFlekfwXm/Gs2Pf9uBtB/5hzdVrVJtzlOdK', NULL, 454, 2, '2019-06-12 21:43:17', '2019-06-12 21:43:17');

--
-- Indexes for dumped tables
--

--
-- Indexes for table `binaryfiles`
--
ALTER TABLE `binaryfiles`
  ADD PRIMARY KEY (`id`);

--
-- Indexes for table `binaryfile_user`
--
ALTER TABLE `binaryfile_user`
  ADD PRIMARY KEY (`id`),
  ADD KEY `fk_binaryfile_user_user_id_idx` (`user_id`),
  ADD KEY `fk_binaryfile_user_binaryfile_id_idx` (`binaryfile_id`);

--
-- Indexes for table `cards`
--
ALTER TABLE `cards`
  ADD PRIMARY KEY (`id`);

--
-- Indexes for table `card_user`
--
ALTER TABLE `card_user`
  ADD PRIMARY KEY (`id`),
  ADD KEY `fk_card_user_user_id_idx` (`user_id`),
  ADD KEY `fk_card_user_card_id_idx` (`card_id`);

--
-- Indexes for table `contents`
--
ALTER TABLE `contents`
  ADD PRIMARY KEY (`id`);

--
-- Indexes for table `content_user`
--
ALTER TABLE `content_user`
  ADD PRIMARY KEY (`id`),
  ADD KEY `fk_content_user_content_id_idx` (`content_id`),
  ADD KEY `fk_content_user_user_id_idx` (`user_id`);

--
-- Indexes for table `equipments`
--
ALTER TABLE `equipments`
  ADD PRIMARY KEY (`id`);

--
-- Indexes for table `equipment_gym`
--
ALTER TABLE `equipment_gym`
  ADD PRIMARY KEY (`id`),
  ADD KEY `fk_equipment_gym_gym_id_idx` (`gym_id`),
  ADD KEY `fk_equipment_gym_equipment_id_idx` (`equipment_id`);

--
-- Indexes for table `gyms`
--
ALTER TABLE `gyms`
  ADD PRIMARY KEY (`id`);

--
-- Indexes for table `migrations`
--
ALTER TABLE `migrations`
  ADD PRIMARY KEY (`id`);

--
-- Indexes for table `password_resets`
--
ALTER TABLE `password_resets`
  ADD KEY `password_resets_email_index` (`email`);

--
-- Indexes for table `personalinfos`
--
ALTER TABLE `personalinfos`
  ADD PRIMARY KEY (`id`);

--
-- Indexes for table `roles`
--
ALTER TABLE `roles`
  ADD PRIMARY KEY (`id`);

--
-- Indexes for table `sections`
--
ALTER TABLE `sections`
  ADD PRIMARY KEY (`id`);

--
-- Indexes for table `shedules`
--
ALTER TABLE `shedules`
  ADD PRIMARY KEY (`id`),
  ADD KEY `fk_shedules_trainingtime_id_idx` (`trainingtime_id`),
  ADD KEY `fk_shedules_user_id_idx` (`user_id`),
  ADD KEY `fk_shedules_section_id_idx` (`section_id`),
  ADD KEY `fk_shedules_gim_id_idx` (`gym_id`);

--
-- Indexes for table `shedule_user`
--
ALTER TABLE `shedule_user`
  ADD PRIMARY KEY (`id`),
  ADD KEY `fk_shedule_user_user_id_idx` (`user_id`),
  ADD KEY `fk_shedule_user_shedule_id_idx` (`shedule_id`);

--
-- Indexes for table `trainingtimes`
--
ALTER TABLE `trainingtimes`
  ADD PRIMARY KEY (`id`);

--
-- Indexes for table `users`
--
ALTER TABLE `users`
  ADD PRIMARY KEY (`id`),
  ADD UNIQUE KEY `users_email_unique` (`email`),
  ADD KEY `fk_users_personalinfos_idx` (`personalinfo_id`),
  ADD KEY `fk_users_roles_idx` (`role_id`);

--
-- AUTO_INCREMENT for dumped tables
--

--
-- AUTO_INCREMENT for table `binaryfiles`
--
ALTER TABLE `binaryfiles`
  MODIFY `id` int(10) UNSIGNED NOT NULL AUTO_INCREMENT, AUTO_INCREMENT=221;

--
-- AUTO_INCREMENT for table `binaryfile_user`
--
ALTER TABLE `binaryfile_user`
  MODIFY `id` int(10) UNSIGNED NOT NULL AUTO_INCREMENT, AUTO_INCREMENT=217;

--
-- AUTO_INCREMENT for table `cards`
--
ALTER TABLE `cards`
  MODIFY `id` int(10) UNSIGNED NOT NULL AUTO_INCREMENT, AUTO_INCREMENT=11;

--
-- AUTO_INCREMENT for table `card_user`
--
ALTER TABLE `card_user`
  MODIFY `id` int(10) UNSIGNED NOT NULL AUTO_INCREMENT, AUTO_INCREMENT=308;

--
-- AUTO_INCREMENT for table `contents`
--
ALTER TABLE `contents`
  MODIFY `id` int(10) UNSIGNED NOT NULL AUTO_INCREMENT, AUTO_INCREMENT=365;

--
-- AUTO_INCREMENT for table `content_user`
--
ALTER TABLE `content_user`
  MODIFY `id` int(10) UNSIGNED NOT NULL AUTO_INCREMENT, AUTO_INCREMENT=936;

--
-- AUTO_INCREMENT for table `equipments`
--
ALTER TABLE `equipments`
  MODIFY `id` int(10) UNSIGNED NOT NULL AUTO_INCREMENT, AUTO_INCREMENT=24;

--
-- AUTO_INCREMENT for table `equipment_gym`
--
ALTER TABLE `equipment_gym`
  MODIFY `id` int(10) UNSIGNED NOT NULL AUTO_INCREMENT, AUTO_INCREMENT=29;

--
-- AUTO_INCREMENT for table `gyms`
--
ALTER TABLE `gyms`
  MODIFY `id` int(10) UNSIGNED NOT NULL AUTO_INCREMENT, AUTO_INCREMENT=10;

--
-- AUTO_INCREMENT for table `migrations`
--
ALTER TABLE `migrations`
  MODIFY `id` int(10) UNSIGNED NOT NULL AUTO_INCREMENT, AUTO_INCREMENT=25;

--
-- AUTO_INCREMENT for table `personalinfos`
--
ALTER TABLE `personalinfos`
  MODIFY `id` int(10) UNSIGNED NOT NULL AUTO_INCREMENT, AUTO_INCREMENT=455;

--
-- AUTO_INCREMENT for table `roles`
--
ALTER TABLE `roles`
  MODIFY `id` int(10) UNSIGNED NOT NULL AUTO_INCREMENT, AUTO_INCREMENT=6;

--
-- AUTO_INCREMENT for table `sections`
--
ALTER TABLE `sections`
  MODIFY `id` int(10) UNSIGNED NOT NULL AUTO_INCREMENT, AUTO_INCREMENT=11;

--
-- AUTO_INCREMENT for table `shedules`
--
ALTER TABLE `shedules`
  MODIFY `id` int(10) UNSIGNED NOT NULL AUTO_INCREMENT, AUTO_INCREMENT=132;

--
-- AUTO_INCREMENT for table `shedule_user`
--
ALTER TABLE `shedule_user`
  MODIFY `id` int(10) UNSIGNED NOT NULL AUTO_INCREMENT, AUTO_INCREMENT=326;

--
-- AUTO_INCREMENT for table `trainingtimes`
--
ALTER TABLE `trainingtimes`
  MODIFY `id` int(10) UNSIGNED NOT NULL AUTO_INCREMENT, AUTO_INCREMENT=10;

--
-- AUTO_INCREMENT for table `users`
--
ALTER TABLE `users`
  MODIFY `id` int(10) UNSIGNED NOT NULL AUTO_INCREMENT, AUTO_INCREMENT=481;

--
-- Constraints for dumped tables
--

--
-- Constraints for table `binaryfile_user`
--
ALTER TABLE `binaryfile_user`
  ADD CONSTRAINT `fk_binaryfile_user_binaryfile_id` FOREIGN KEY (`binaryfile_id`) REFERENCES `binaryfiles` (`id`) ON DELETE SET NULL ON UPDATE CASCADE,
  ADD CONSTRAINT `fk_binaryfile_user_user_id` FOREIGN KEY (`user_id`) REFERENCES `users` (`id`) ON DELETE SET NULL ON UPDATE CASCADE;

--
-- Constraints for table `card_user`
--
ALTER TABLE `card_user`
  ADD CONSTRAINT `fk_card_user_card_id` FOREIGN KEY (`card_id`) REFERENCES `cards` (`id`) ON DELETE SET NULL ON UPDATE CASCADE,
  ADD CONSTRAINT `fk_card_user_user_id` FOREIGN KEY (`user_id`) REFERENCES `users` (`id`) ON DELETE SET NULL ON UPDATE CASCADE;

--
-- Constraints for table `content_user`
--
ALTER TABLE `content_user`
  ADD CONSTRAINT `fk_content_user_content_id` FOREIGN KEY (`content_id`) REFERENCES `contents` (`id`) ON DELETE SET NULL ON UPDATE CASCADE,
  ADD CONSTRAINT `fk_content_user_user_id` FOREIGN KEY (`user_id`) REFERENCES `users` (`id`) ON DELETE SET NULL ON UPDATE CASCADE;

--
-- Constraints for table `equipment_gym`
--
ALTER TABLE `equipment_gym`
  ADD CONSTRAINT `fk_equipment_gym_equipment_id` FOREIGN KEY (`equipment_id`) REFERENCES `equipments` (`id`) ON DELETE CASCADE ON UPDATE CASCADE,
  ADD CONSTRAINT `fk_equipment_gym_gym_id` FOREIGN KEY (`gym_id`) REFERENCES `gyms` (`id`) ON DELETE SET NULL ON UPDATE CASCADE;

--
-- Constraints for table `shedules`
--
ALTER TABLE `shedules`
  ADD CONSTRAINT `fk_shedules_gym_id` FOREIGN KEY (`gym_id`) REFERENCES `gyms` (`id`) ON DELETE SET NULL ON UPDATE CASCADE,
  ADD CONSTRAINT `fk_shedules_section_id` FOREIGN KEY (`section_id`) REFERENCES `sections` (`id`) ON DELETE SET NULL ON UPDATE CASCADE,
  ADD CONSTRAINT `fk_shedules_trainingtime_id` FOREIGN KEY (`trainingtime_id`) REFERENCES `trainingtimes` (`id`) ON DELETE SET NULL ON UPDATE CASCADE,
  ADD CONSTRAINT `fk_shedules_user_id` FOREIGN KEY (`user_id`) REFERENCES `users` (`id`) ON DELETE SET NULL ON UPDATE CASCADE;

--
-- Constraints for table `shedule_user`
--
ALTER TABLE `shedule_user`
  ADD CONSTRAINT `fk_shedule_user_shedule_id` FOREIGN KEY (`shedule_id`) REFERENCES `shedules` (`id`) ON DELETE SET NULL ON UPDATE CASCADE,
  ADD CONSTRAINT `fk_shedule_user_user_id` FOREIGN KEY (`user_id`) REFERENCES `users` (`id`) ON DELETE SET NULL ON UPDATE CASCADE;

--
-- Constraints for table `users`
--
ALTER TABLE `users`
  ADD CONSTRAINT `fk_users_personalinfos` FOREIGN KEY (`personalinfo_id`) REFERENCES `personalinfos` (`id`) ON DELETE SET NULL ON UPDATE CASCADE,
  ADD CONSTRAINT `fk_users_roles` FOREIGN KEY (`role_id`) REFERENCES `roles` (`id`) ON DELETE SET NULL ON UPDATE CASCADE;
COMMIT;

/*!40101 SET CHARACTER_SET_CLIENT=@OLD_CHARACTER_SET_CLIENT */;
/*!40101 SET CHARACTER_SET_RESULTS=@OLD_CHARACTER_SET_RESULTS */;
/*!40101 SET COLLATION_CONNECTION=@OLD_COLLATION_CONNECTION */;
